epoch,loss_total,loss_data,loss_cont,loss_mom,val_score,val_data,val_cont,val_mom,norm_data,norm_cont,norm_mom,lr
1,0.08953858441428135,0.030081924933351968,,5945.666015625,1.4248375673074778,0.024293845559235465,0.0,5426.680250632596,1.7061695517254156,0.0,0.7683962703322902,0.001
2,0.0690504241930811,0.018475533512077834,,5057.489180715461,1.1539249181595141,0.01928279735610883,0.0,4848.446832535696,1.3542410007038672,0.0,0.6865207255560238,0.001
3,0.06278946799667258,0.01748072042276985,,4530.8748972039475,1.1627409884171829,0.019821397846860742,0.0,4432.656707991211,1.3920671964629792,0.0,0.6276465029769919,0.001
4,0.05911749542543763,0.01759718280089529,,4152.031339946546,1.141504887011785,0.019691562920939154,0.0,4082.9943405683807,1.3829488213248067,0.0,0.5781357069480676,0.001
5,0.05655725731661445,0.01807748496924576,,3847.9773206208883,1.1557299084506385,0.020210738133004696,0.0,3817.018335424511,1.4194107695444482,0.0,0.5404745658984162,0.001
6,0.05467756210189117,0.018578461126277323,,3609.910220497533,1.1731668466595575,0.02075348481926995,0.0,3599.3749268961565,1.4575281547952823,0.0,0.5096571276761994,0.001
7,0.053154910473447094,0.019144793874339053,,3401.0117701480262,1.1510514766345203,0.020476435469368105,0.0,3399.3870662116947,1.4380708332289915,0.0,0.4813396445807543,0.001
8,0.051340416858070774,0.018942382088617274,,3239.8035695929275,1.1225777692752936,0.020014329449280034,0.0,3263.8855274874336,1.4056168843792363,0.0,0.46215316736609413,0.001
9,0.04927255879891546,0.018482873412339312,,3078.9686086554275,1.1205893495577757,0.02006556356081504,0.0,3157.781814006347,1.409215082980507,0.0,0.44712930490473596,0.001
10,0.048283960866300685,0.018694115116407995,,2958.9846319901317,1.1179095094057185,0.020157886739590257,0.0,2987.84826049744,1.4156989883861253,0.0,0.42306739178477,0.001
11,0.0472305828803464,0.018799001841168655,,2843.1581902754933,1.1446790449070017,0.02076727150981902,0.0,2912.7836792708176,1.4584964013240802,0.0,0.41243854660048473,0.001
12,0.04648893169666592,0.018824390282756405,,2766.4542043585525,1.1339297735759817,0.020630354961843848,0.0,2818.189052655737,1.448880680144286,0.0,0.3990443249166053,0.001
13,0.045770356333569476,0.019060598882405383,,2670.9757786800988,1.129617807872946,0.020625437228674798,0.0,2722.371776076811,1.4485353051571896,0.0,0.38547698087637705,0.001
14,0.044818666812620665,0.018995758440149457,,2582.2908614309213,1.1151185657390883,0.020400882723501157,0.0,2640.923260914899,1.4327647241474497,0.0,0.37394419611957835,0.001
15,0.04417889290734341,0.019142870056001765,,2503.6023720189146,1.1365435364487937,0.020880907341409766,0.0,2589.7519444360305,1.4664771055469825,0.0,0.36669854188635315,0.001
16,0.04388945843828352,0.019456407545428527,,2443.30517578125,1.1631305526199684,0.02147090015428324,0.0,2532.833256491777,1.5079126111200751,0.0,0.3586390827863862,0.001
17,0.042906872732074636,0.019117190159465138,,2378.9683388157896,1.1067476315928801,0.02039157972406388,0.0,2454.6283228755033,1.4321113696037693,0.0,0.34756557623413925,0.001
18,0.04255905433704978,0.0193083832334531,,2325.067202919408,1.107921734573457,0.020468481859403902,0.0,2393.268043688721,1.4375122470177581,0.0,0.3388772055367547,0.001
19,0.04173210126004721,0.019100670849806385,,2263.143130653783,1.1014541722632096,0.02037232933366544,0.0,2352.292958022278,1.430759404560748,0.0,0.333075296902287,0.001
20,0.041002515899507624,0.01889472474393092,,2210.7792262027137,1.1428745010996275,0.021263251831611162,0.0,2296.2970272268617,1.4933293601997502,0.0,0.3251464965326748,0.001
21,0.04082738314020006,0.01917636776833158,,2165.1015625,1.0842167946741001,0.020110072353074274,0.0,2250.0192284466957,1.4123409588716507,0.0,0.31859374487981623,0.001
22,0.040349696419740975,0.019129493224777673,,2122.0203407689146,1.0867602838758808,0.020192041646128846,0.0,2215.031580714798,1.418097705437161,0.0,0.313639633566227,0.001
23,0.03980493898454465,0.018891996066821248,,2091.2943564967104,1.0851785286868012,0.020198701037506376,0.0,2170.0882243251144,1.418565397996318,0.0,0.30727583363126265,0.001
24,0.039365880583461965,0.018912558149742454,,2045.3323139391448,1.0926922331904607,0.020373320069416983,0.0,2144.8802160514683,1.4308289844536868,0.0,0.30370648024293334,0.001
25,0.038991485967447885,0.018948434705012722,,2004.30517578125,1.072757396341492,0.02001079091383195,0.0,2095.1517066398096,1.4053683711735152,0.0,0.2966651217334379,0.001
26,0.038458714947888724,0.018701893130415363,,1975.6821803042762,1.0660662943235262,0.01990915027146418,0.0,2055.2657198019965,1.3982300953989837,0.0,0.2910174251474587,0.001
27,0.03827751035753049,0.01886592903419545,,1941.1581260279606,1.085377568770305,0.020327501456348686,0.0,2025.7111632433098,1.427611119158182,0.0,0.2868326178652585,0.001
28,0.038060387694521955,0.018854794729697078,,1920.5593839946546,1.078957726278056,0.02021860201046936,0.0,2000.6116626988658,1.4199630537950414,0.0,0.2832786287384243,0.001
29,0.03771420332946276,0.018814743447460626,,1889.946044921875,1.0627423294683553,0.01992131656628146,0.0,1962.935515541314,1.3990845406832406,0.0,0.2779438366336235,0.001
30,0.037742230649057185,0.01930059541605021,,1844.1635420949835,1.10683041923331,0.02083170701580098,0.0,1947.211194916788,1.4630217408010429,0.0,0.2757173355752671,0.001
31,0.037383886740395895,0.019082126648802506,,1830.1760639391448,1.0937658348879882,0.020593672124934678,0.0,1915.1372347485772,1.446304425213681,0.0,0.27117579079470505,0.001
32,0.03705884790734241,0.019025578506683048,,1803.326994243421,1.072238112351215,0.020192759269105,0.0,1872.3324028369339,1.4181481044762323,0.0,0.26511479739284155,0.001
33,0.03621584353478331,0.018548225983977318,,1766.7617894222863,1.0555635689745881,0.0198654317170106,0.0,1858.6156069327685,1.3951597183245812,0.0,0.2631725538246045,0.001
34,0.03672153051746519,0.019184042552584095,,1753.7488628186677,1.1297196596427173,0.021394843669099568,0.0,1834.3236461032254,1.5025711241613624,0.0,0.25973290909921226,0.001
35,0.0359056050840177,0.018665144219994545,,1724.0461104543585,1.0559926426061788,0.019928629396686805,0.0,1795.5768539348314,1.3995981246090177,0.0,0.2542465179328885,0.001
36,0.03576153457949036,0.018781610715546106,,1697.992431640625,1.0591097502195421,0.02000518911900074,0.0,1780.3534239296744,1.4049749541760819,0.0,0.2520909409876163,0.001
37,0.036546185220542704,0.019561841887863057,,1698.4343647203948,1.1025660067816117,0.020886271349839086,0.0,1783.6738708174505,1.46685382268034,0.0,0.2525611030179121,0.001
38,0.035989402548262946,0.019381536464942128,,1660.7866789165296,1.0668865453672567,0.020207136249104342,0.0,1729.7116468645538,1.419157807343604,0.0,0.2449202674224469,0.001
39,0.034984193350139414,0.01864164567699558,,1634.2548314144738,1.0685637292552985,0.020255471975906006,0.0,1713.2548136890782,1.422552450860557,0.0,0.2425900455096961,0.001
40,0.03466607522415487,0.018469897834093946,,1619.6177593030427,1.0680194477502167,0.020261987421607175,0.0,1692.9013745658428,1.4230100340391505,0.0,0.23970807974270508,0.001
41,0.03520548980879156,0.019093330361341174,,1611.2159488075658,1.0677718740713875,0.020272699992158253,0.0,1674.675383013657,1.4237623835035609,0.0,0.23712735206298324,0.001
42,0.03470498911644283,0.01888551376760006,,1581.9475290398848,1.0731558077392436,0.02038953238762104,0.0,1666.2074715720219,1.4319675840885286,0.0,0.23592832959091148,0.001
43,0.034268335684349664,0.018648297869061168,,1562.0038098787006,1.0722187055330563,0.02038234813139398,0.0,1652.4614547363913,1.43146302999492,0.0,0.2339819484553743,0.001
44,0.033935136602897396,0.018413420374456205,,1552.1716629831415,1.0432912680098,0.019807336057011064,0.0,1636.9464878166086,1.3910796295656025,0.0,0.23178509104626122,0.001
45,0.033781601018027255,0.018428105370778786,,1535.3495772512335,1.0262771084412448,0.01948848562093826,0.0,1605.4240391844369,1.3686865957309498,0.0,0.22732163809859982,0.001
46,0.03393020774973066,0.018630471276609523,,1529.9736649362665,1.046877896421853,0.01991356154958395,0.0,1598.4434692492032,1.3985399017815834,0.0,0.22633321724914918,0.001
47,0.03376900747810539,0.0187442688957641,,1502.4738833778783,1.063669265043041,0.020273243959721663,0.0,1577.4656941768178,1.4238005866316559,0.0,0.22336284800293985,0.001
48,0.03351728147582004,0.018566634898122988,,1495.064697265625,1.0421511801086112,0.019851969074128648,0.0,1558.4530309261295,1.394214229833888,0.0,0.22067073074963203,0.001
49,0.033183098525593153,0.018425934702942248,,1475.7164113898027,1.0507726921406928,0.02003478397319812,0.0,1549.8388867983585,1.4070534163526938,0.0,0.2194510023126908,0.001
50,0.033047450412260856,0.018405845388770103,,1464.1605288856908,1.0461984981826653,0.019943358993800477,0.0,1547.9646135408511,1.4006325919617986,0.0,0.2191856126980209,0.001
51,0.032904386422351786,0.018384266154546487,,1452.0120335629113,1.0549241456376905,0.020129452491271137,0.0,1538.0075652769751,1.4137020361708001,0.0,0.21777573439376866,0.001
52,0.03322431317677623,0.018791570475226956,,1443.2742727179277,1.060163873106296,0.02025802128327297,0.0,1512.5621624650887,1.4227314900578258,0.0,0.2141727668860595,0.001
53,0.03271272807921234,0.018440232171039832,,1427.2495888157894,1.0468539117727147,0.01999401930174838,0.0,1504.7638561394026,1.4041904920353374,0.0,0.21306855782659492,0.001
54,0.032372636230368367,0.018258146941661835,,1411.4489489103619,1.0371190381546906,0.019812512431023003,0.0,1485.6543836190694,1.3914431690351352,0.0,0.21036273276698694,0.001
55,0.032496152641741854,0.018413704770960306,,1408.2448152240954,1.0501213318287879,0.02009058318930718,0.0,1469.9278280362657,1.4109722246493586,0.0,0.20813591524745625,0.001
56,0.033677790804128895,0.01962176455478919,,1405.6026482833058,1.0563615062822158,0.020207286446187425,0.0,1481.7662659935288,1.4191683557637498,0.0,0.20981219082530347,0.0005
57,0.0318698654637525,0.01811555106388895,,1375.4314992804277,1.010953269557998,0.019323709170785026,0.0,1435.3815086691645,1.3571142589674121,0.0,0.20324429426936486,0.0005
58,0.03129989634218969,0.017767157748733695,,1353.2738808079769,1.0037255053984302,0.019173682838876865,0.0,1438.8593745873952,1.3465778307665073,0.0,0.2037367462062507,0.0005
59,0.031101207101815624,0.01759388126236828,,1350.7326274671052,0.9950267398947005,0.019016824391593586,0.0,1415.615084381058,1.3355615795092453,0.0,0.20044544746076284,0.0005
60,0.030957740682520364,0.017524991576608858,,1343.2749730160363,0.9923773607026964,0.01896119558594314,0.0,1417.6257108208056,1.3316547392287217,0.0,0.2007301441419711,0.0005
61,0.031027947503485177,0.017636126544522613,,1339.1821481805098,0.9937672230427579,0.018998766138161587,0.0,1406.8636982719922,1.3342933388724183,0.0,0.19920628610688354,0.0005
62,0.030901934363340076,0.017601240230234044,,1330.0694194592927,0.9995471159431156,0.019118679499801554,0.0,1404.1514744404499,1.3427149173325388,0.0,0.19882224603446164,0.0005
63,0.030849658050819448,0.01762247350262968,,1322.7184865851152,1.0002485912038197,0.01913070568755804,0.0,1406.7469199059533,1.3435595228242225,0.0,0.19918975075621323,0.0005
64,0.030869165435433388,0.01760890932851716,,1326.0256476151317,0.997077380505992,0.019071870804638878,0.0,1400.1834732694292,1.3394275180507813,0.0,0.19826039290148387,0.0005
65,0.030979987331911138,0.01774444695758192,,1323.5540642989308,0.986712185722366,0.018862781182371464,0.0,1398.157453859145,1.3247430439017798,0.0,0.19797351663706758,0.0005
66,0.030630437853304965,0.017492063931728665,,1313.8373894942433,0.9931883122709283,0.01900566729232454,0.0,1385.2486599813055,1.3347780105591582,0.0,0.19614568293172555,0.0005
67,0.030461300164461136,0.017457927822282438,,1300.3372545744244,0.9858191888474138,0.01886017693447206,0.0,1380.1492137065143,1.32456014620202,0.0,0.19542362168666644,0.0005
68,0.030371359500445817,0.01745155120366498,,1291.9808735094573,0.9884365527265948,0.018920609441781474,0.0,1371.8255125084268,1.3288043529767084,0.0,0.19424501880966344,0.0005
69,0.0303903317176982,0.0174766706400796,,1291.3661595394738,0.9848843263762221,0.018845132831974785,0.0,1375.552243084163,1.3235035909707247,0.0,0.19477270898904983,0.0005
70,0.03024877137259433,0.017397866094190823,,1285.0905568976152,0.9900706751970522,0.018961779293269497,0.0,1362.6481409828496,1.3316957333012704,0.0,0.19294553962054312,0.0005
71,0.030206304337633282,0.01740459695850548,,1280.1707635176808,0.9951839329161658,0.019064242579283634,0.0,1364.437795691941,1.3388917837717813,0.0,0.1931989475863963,0.0005
72,0.030246433752932046,0.017447465246445255,,1279.8968762849506,1.005538096106846,0.019279467784300133,0.0,1359.103314953493,1.354007163124451,0.0,0.19244360639910138,0.0005
73,0.030178381620269073,0.017514564832182306,,1266.3817202919408,0.994592453789768,0.019062938425848813,0.0,1352.0230117890385,1.3388001923900938,0.0,0.19144106372234157,0.0005
74,0.030250473536158864,0.017516405762810456,,1273.4068089535363,1.010471487975068,0.019388809621271857,0.0,1348.6980679469646,1.3616862978467,0.0,0.1909702649412606,0.0005
75,0.02999485323303624,0.017371870675369314,,1262.2982820209704,0.9942016190632921,0.01906788185533632,0.0,1337.1012051600635,1.3391473720431515,0.0,0.18932819544362042,0.0005
76,0.029897425029622882,0.017328149590053056,,1256.9275609066613,0.9816693015020751,0.018822222071099747,0.0,1326.381824481652,1.3218945561838467,0.0,0.18781037391127509,0.0005
77,0.029754710040594403,0.01730753089252271,,1244.7179469058387,0.9795917096185526,0.018780652529923246,0.0,1325.581981688895,1.3189751054422336,0.0,0.18769711936329705,0.0005
78,0.029664136567398122,0.017257759592642908,,1240.6377210115131,0.9797647830611613,0.018785510614746925,0.0,1324.033994233825,1.3193162912946608,0.0,0.18747793051632966,0.0005
79,0.029524310639030056,0.017226970999648695,,1229.733950966283,0.9902096236415896,0.019001427079801923,0.0,1320.0341579893472,1.3344802182034239,0.0,0.18691156966397646,0.0005
80,0.029564686119556427,0.017232402914056654,,1233.2283550061677,0.9793286193143909,0.018794191658840536,0.0,1303.7194916690744,1.3199259655874191,0.0,0.18460147801065815,0.0005
81,0.029510287273871273,0.017234414521800846,,1227.5873059724506,0.9780531647727498,0.01877276555817707,0.0,1298.4905750651235,1.3184211992681028,0.0,0.18386108428359343,0.0005
82,0.02953699603676796,0.017307733136572336,,1222.9263080797698,0.9832797841627153,0.018875337064633586,0.0,1302.82364904,1.3256248501172037,0.0,0.1844746302689094,0.0005
83,0.029398791590019277,0.017229110737772363,,1216.9681203741777,0.9708364853285145,0.01862748198930401,0.0,1296.7405157835374,1.3082178578097563,0.0,0.18361328287228412,0.0005
84,0.02943144140667037,0.017298220607795213,,1213.3221435546875,0.9995018099502551,0.019206097959295895,0.0,1301.9141992905918,1.348854361723272,0.0,0.18434585581321553,0.0005
85,0.02936950374982859,0.01725134503488478,,1211.8159308182567,0.9761050828140734,0.018737718327398126,0.0,1293.1911756767881,1.3159598138163213,0.0,0.1831107104754953,0.0005
86,0.029259184081303447,0.017273862110941035,,1198.5322394120067,0.9773201469225853,0.018767110789710408,0.0,1287.7788397089982,1.3180240619043886,0.0,0.18234434529837798,0.0005
87,0.029194092181952375,0.017186765362949746,,1200.732730263158,0.9936004318571076,0.01911373850088172,0.0,1269.877968096143,1.3423679083795275,0.0,0.17980965330479468,0.0005
88,0.02937874590095721,0.01743546892937861,,1194.3277202405427,0.9997950853393591,0.019233374303766575,0.0,1277.2509095749142,1.350769993742286,0.0,0.18085363239919694,0.0005
89,0.02929851275525595,0.017381223997003155,,1191.7289332339637,0.980056285803139,0.018841296909553818,0.0,1266.3339729070165,1.323234192121478,0.0,0.17930783772701434,0.0005
90,0.02913802175929672,0.01726019127588523,,1187.7830874794408,0.981335190008164,0.018865080340142774,0.0,1268.915924597123,1.3249045149613723,0.0,0.17967343178401166,0.0005
91,0.02898790599092057,0.017209775353732863,,1177.8130846525494,0.9975445803016384,0.019206566668884668,0.0,1255.296311891675,1.3488872794442237,0.0,0.17774494896893947,0.0005
92,0.029029208774629393,0.017226809047554668,,1180.2400030838817,0.9781268845140721,0.018813495227304317,0.0,1253.0889539194338,1.3212816653539399,0.0,0.17743239588771442,0.0005
93,0.028775923640320177,0.017075798523269202,,1170.012541118421,0.9666199558905781,0.018590464609919442,0.0,1240.3193303066594,1.305618107785141,0.0,0.1756242681365982,0.0005
94,0.028739159730704206,0.017115294001996517,,1162.3865838301808,0.9620790567733085,0.018499331713798257,0.0,1238.8908235478061,1.2992177965563816,0.0,0.17542199727947164,0.0005
95,0.028810162685419385,0.017174335196614265,,1163.5827604594983,0.979142383716779,0.01884753603826331,0.0,1237.5990250053978,1.3236723694124086,0.0,0.17523908376031017,0.0005
96,0.028909628622626003,0.01736927140308054,,1154.0357473273027,0.9803439029450082,0.01886840672773376,0.0,1241.730204949975,1.3251381289115036,0.0,0.17582404235651908,0.0005
97,0.02863422722408646,0.0170943919373186,,1153.983552631579,0.9595790491923681,0.018456735959396363,0.0,1229.3344804471974,1.2962262743201807,0.0,0.17406885722747253,0.0005
98,0.028783492351833143,0.017257415934612875,,1152.6076981393915,0.9678383028758568,0.01863238358658497,0.0,1220.4871504461566,1.308562099564945,0.0,0.17281611060131816,0.0005
99,0.02863304709133349,0.017220004069569864,,1141.3043469880756,0.9633145250477824,0.01854320167080464,0.0,1217.2037991960713,1.3022988067117023,0.0,0.17235120116530295,0.0005
100,0.028259389396560818,0.01691786400777729,,1134.1525686163652,0.9664798085140387,0.018600332651715807,0.0,1225.5996638145489,1.3063111455509018,0.0,0.17354002209469177,0.0005
101,0.02846490121201465,0.017083077446410532,,1138.1824180201481,0.9708718119231903,0.018703104160597932,0.0,1210.053449418936,1.313528842675551,0.0,0.1713387401676826,0.0005
102,0.028354113921523094,0.017095948177340784,,1125.8166086297285,0.9689926922472247,0.018670566003013762,0.0,1203.4737129063526,1.3112436707539632,0.0,0.17040707573150196,0.0005
103,0.02837751090134445,0.017093461497049583,,1128.4049971731085,0.981312716225215,0.018924300447854456,0.0,1199.8505296776364,1.329063574274613,0.0,0.16989404744328623,0.0005
104,0.028662097297216717,0.0173871883828389,,1127.4909282483552,0.9823921190648167,0.018938585906222393,0.0,1208.7281376790995,1.3300668495296724,0.0,0.1711510813134873,0.0005
105,0.028545932550179332,0.017252981270614424,,1129.2951467413652,0.971372725181882,0.018726518067498605,0.0,1194.7482526191175,1.3151732136724543,0.0,0.1691715853705465,0.0005
106,0.028088490331643505,0.016962680475492226,,1112.5810032894738,0.953217241360821,0.018368748073040318,0.0,1181.399915146631,1.2900468387814423,0.0,0.16728151404603833,0.0005
107,0.02811033043422197,0.017029528211998313,,1108.0802258943256,0.9551501444062935,0.01840587758888472,0.0,1183.9321250714534,1.2926544642086133,0.0,0.1676400648675475,0.0005
108,0.027815763789572213,0.01679827258186905,,1101.7491647820723,0.961741960929697,0.01854360043722553,0.0,1179.7223282049968,1.302326812287185,0.0,0.16704397442889218,0.0005
109,0.02788495193970831,0.016881257589710385,,1100.3694714997944,0.965656103278218,0.018625848444878836,0.0,1176.678875251252,1.3081031331255628,0.0,0.16661303363441352,0.0005
110,0.028256955115418685,0.017216235889415992,,1104.071947599712,0.9727651032745808,0.01876896052281607,0.0,1178.4071358380088,1.3181539696333235,0.0,0.1668577484375146,0.0005
111,0.028112361207604408,0.01717366876178666,,1093.869294819079,0.964015964220492,0.01860198400413223,0.0,1165.6867929169075,1.3064271208996874,0.0,0.165056598635703,0.0005
112,0.027802183733958947,0.016927989297791532,,1087.4194721422698,0.9471359476070444,0.018266177591325653,0.0,1156.9456352539548,1.2828432599005006,0.0,0.16381888558898047,0.0005
113,0.027784426549547596,0.016957725937429228,,1082.6700985557154,0.9491721551534282,0.01830291957180132,0.0,1162.35825284872,1.2854236685148888,0.0,0.16458529064335375,0.0005
114,0.02756818315308345,0.016802155853886353,,1076.6027253803454,0.954275282627757,0.018414589928527725,0.0,1153.2539461998429,1.2932663364042662,0.0,0.16329615714923584,0.0005
115,0.027733455755208667,0.01697049123284064,,1076.2964477539062,0.9566537490746904,0.018462096198094104,0.0,1154.2660565845108,1.2966027267033065,0.0,0.16343946794125327,0.0005
116,0.027810126641079,0.01702151447534561,,1078.8612349660773,0.9698625756258505,0.01873481658512608,0.0,1149.5935895210446,1.3157560229302943,0.0,0.1627778652488154,0.0005
117,0.02753041684627533,0.016828323665418123,,1070.2093634354442,0.9451566049533999,0.018248690547961723,0.0,1130.5876496638582,1.2816151356471999,0.0,0.16008670000120026,0.0005
118,0.02748451489759119,0.01681830925180724,,1066.6205733449835,0.9470662321876484,0.018267232604352222,0.0,1154.083471191843,1.2829173540202732,0.0,0.1634136145781909,0.0005
119,0.02735453363704054,0.016728315208303302,,1062.6218711451481,0.9443673408509378,0.018234094787244234,0.0,1128.8993597200347,1.2805900676949182,0.0,0.15984764488165046,0.0005
120,0.027456056620729596,0.016835551218766915,,1062.0505628083881,0.955445759232135,0.018455478566706044,0.0,1133.4872688637042,1.296137966970175,0.0,0.16049727451004217,0.0005
121,0.027343182481433217,0.016787880982615445,,1055.530173853824,0.9346198020500944,0.018041964878111216,0.0,1121.7859389732414,1.2670966831198316,0.0,0.15884041288737494,0.0005
122,0.027379601801696577,0.01682905877303136,,1055.0543180766858,0.9474507639284679,0.018299314881063785,0.0,1126.006482347412,1.2851705091883932,0.0,0.15943802498864262,0.0005
123,0.027305158933526592,0.01678184782596011,,1052.3311253597863,0.9530294338950571,0.018418684983238072,0.0,1119.1859611301136,1.2935539342504947,0.0,0.1584722663990365,0.0005
124,0.027089521288871765,0.016668290586063738,,1042.1230982730262,0.9402296443423875,0.018160245171218045,0.0,1116.9605029423083,1.2754035703179067,0.0,0.15815715039950975,0.0005
125,0.02706647742735712,0.016707062672235463,,1035.941496196546,0.9379034388654626,0.018115128398916335,0.0,1114.4132743279495,1.2722349956685943,0.0,0.15779647299148875,0.0005
126,0.0267989620762436,0.01647292268707564,,1032.6039846319902,0.9500586216303484,0.018363287062258735,0.0,1113.3624760640735,1.289663309121864,0.0,0.15764768415014513,0.0005
127,0.027085731394196812,0.01679380007676388,,1029.1931634200246,0.950467887070591,0.01838215350184802,0.0,1101.1626373997904,1.2909883090976075,0.0,0.15592023567421953,0.0005
128,0.026934167860369933,0.016663297520656335,,1027.0870618318256,0.9376389825206756,0.018124455666995946,0.0,1097.3930770854304,1.2728900546117907,0.0,0.1553864809747402,0.0005
129,0.026895599929909957,0.016627509588081586,,1026.8090595446135,0.931437257449465,0.018003496264653505,0.0,1091.3854841396696,1.2643950121629381,0.0,0.15453582978469468,0.0005
130,0.0270186912660536,0.016761131682678274,,1025.7559718081825,0.960550492939424,0.01858903130494004,0.0,1099.0959600806414,1.3055174460225465,0.0,0.1556276024121383,0.0005
131,0.027063553564642604,0.016854416186872282,,1020.913773386102,0.9347513800317208,0.018068090138618226,0.0,1094.6482729192685,1.2689314739066286,0.0,0.1549978276569359,0.0005
132,0.026807180556811784,0.016619557269701834,,1018.7623355263158,0.9380271277087974,0.0181396496306743,0.0,1088.9462558599575,1.2739571346726575,0.0,0.1541904447931243,0.0005
133,0.026879951063739627,0.01672142601915096,,1015.8525294253701,0.9460183844529079,0.01830560492096299,0.0,1085.00705859841,1.2856122619989556,0.0,0.1536326701787966,0.0005
134,0.0266965748252053,0.016617551151859134,,1007.9024015727796,0.9404010452221236,0.01819618795637772,0.0,1079.398342431024,1.2779278510248915,0.0,0.15283849834899893,0.0005
135,0.026639362993208987,0.016622522943898252,,1001.6840081465872,0.9641882384189917,0.018675160953981144,0.0,1085.0535232144994,1.311566376577259,0.0,0.15363924938303503,0.0005
136,0.026570096611976624,0.01657324558810184,,999.6851421155428,0.9464575285383166,0.018321980818260235,0.0,1076.3929403676511,1.2867623498795513,0.0,0.15241294540876896,0.0005
137,0.02665901291919382,0.01665943111047933,,999.9582005550986,0.9385210239216132,0.018168004055788296,0.0,1067.7581324385346,1.2759484808623012,0.0,0.15119029106000842,0.0005
138,0.02637813308913457,0.016472569617785905,,990.5563900596217,0.9382043019002273,0.018160713774147748,0.0,1068.7392852871185,1.275436480548136,0.0,0.1513292183884409,0.0005
139,0.02659066031245809,0.016638852018666894,,995.1808407432154,0.9389686579530723,0.018180879832679915,0.0,1063.3946201905826,1.276852753445813,0.0,0.15057243513667762,0.0005
140,0.026511955614152708,0.016659941769352083,,985.2014224403783,0.9419681742797038,0.01824403643416996,0.0,1060.9145923815115,1.2812882747876289,0.0,0.15022127309454544,0.00025
141,0.02615330201622687,0.016344738977127952,,980.8563168174342,0.9214114178966462,0.017832544404216714,0.0,1053.210863231155,1.252388973087038,0.0,0.14913045578573234,0.00025
142,0.0260172696097901,0.016291829855426362,,972.5440031352796,0.9184994487458817,0.017777225862400044,0.0,1048.680746195105,1.2485039227987533,0.0,0.14848900928918157,0.00025
143,0.025933479694159406,0.016236595074205024,,969.6884861996299,0.9177109812460879,0.017763133907661204,0.0,1046.4281468340696,1.2475142374053445,0.0,0.14817005020782226,0.00025
144,0.025809821035516888,0.016088347489896574,,972.1473838404605,0.9150603038253171,0.017710520139549015,0.0,1044.918862427498,1.243819144796985,0.0,0.14795634155809206,0.00025
145,0.025929854986699002,0.01623192076620303,,969.79345703125,0.919004811356937,0.017790212658053306,0.0,1045.547747561846,1.249415992288289,0.0,0.14804538918378257,0.00025
146,0.025807035596747147,0.016137479755439256,,966.9556049547697,0.9209075802607084,0.017831094056747106,0.0,1043.028453656629,1.2522871144213923,0.0,0.14768866721911292,0.00025
147,0.02573636899653234,0.016071145569807606,,966.5223452919408,0.9160920325889708,0.017733526076980394,0.0,1042.5818239525472,1.245434863883476,0.0,0.14762542623512534,0.00025
148,0.025781960079544468,0.016141596054168122,,964.0363930150082,0.9213458865551409,0.017844823891714916,0.0,1037.4569412536348,1.2532513679528134,0.0,0.14689976329390528,0.00025
149,0.025863477470059144,0.01626006244240623,,960.3415495219983,0.9189832075809177,0.01779456752537496,0.0,1039.9992152258706,1.2497218369108662,0.0,0.14725973914437135,0.00025
150,0.025818512039749247,0.01619407024822737,,962.4441881681744,0.91822595890454,0.01778371517773959,0.0,1034.7322961276516,1.2489596708283057,0.0,0.14651396441575312,0.00025
151,0.025896359431116206,0.016242726117764648,,965.3633615594161,0.9277234725977919,0.017969218087262716,0.0,1043.6293655397026,1.2619876377351142,0.0,0.14777375394403988,0.00025
152,0.025864199196037493,0.01626490321206419,,959.9296361019736,0.9157222061741063,0.017736670088668458,0.0,1030.237070934805,1.245655669478019,0.0,0.14587745846497696,0.00025
153,0.025701804576735748,0.01610676179590978,,959.5042981599506,0.9114116912912007,0.017650293235007188,0.0,1028.7278340263151,1.2395893776128073,0.0,0.14566375654078562,0.00025
154,0.025628744183402313,0.01609183686148179,,953.6907380756579,0.9101008882960027,0.017625693908069204,0.0,1026.3391973562038,1.2378617539431749,0.0,0.14532553511926763,0.00025
155,0.025711697281191225,0.016201296085981948,,951.0401547080592,0.9162643362349558,0.017749619982504846,0.0,1028.0123274996854,1.2465651473335462,0.0,0.14556244367157858,0.00025
156,0.02570650422651517,0.016130011724798304,,957.6492566560444,0.9170441850204547,0.017768314199171978,0.0,1024.735764288549,1.247878052002881,0.0,0.1450984953947934,0.00025
157,0.025488699541280146,0.015996915386303476,,949.178421823602,0.9155237545177333,0.017738584616790058,0.0,1023.3495774588133,1.2457901277950043,0.0,0.14490221687076787,0.00025
158,0.025640726579647315,0.01612582685131776,,951.4899934467517,0.9144956517702768,0.017718757624855596,0.0,1022.0929343047892,1.2443976677228268,0.0,0.14472428121432704,0.00025
159,0.02552146160680997,0.016049110183590336,,947.2351748817846,0.9064187956175624,0.017557984455577044,0.0,1018.0196749092464,1.2331064834807675,0.0,0.1441475239367509,0.00025
160,0.0254818736330459,0.016070611039666755,,941.1262849506579,0.909901816694894,0.017627253471836205,0.0,1019.8479153414775,1.2379712829268321,0.0,0.14440639548703862,0.00025
161,0.02554168365895748,0.016104751952776785,,943.6932116056744,0.9127838787714212,0.01768614583473661,0.0,1019.5379475814375,1.2421073245495895,0.0,0.1443625052890285,0.00025
162,0.02547825108233251,0.01606867413379644,,940.9577283357319,0.9080722496686222,0.017592222130296244,0.0,1017.3201052510889,1.235511013384662,0.0,0.14404846766452936,0.00025
163,0.02544295758401093,0.016036684575833772,,940.6273257606908,0.9152867852473632,0.01774166300463231,0.0,1014.2083822876668,1.246006324592339,0.0,0.1436078601090866,0.00025
164,0.025457002026470082,0.016062944735351362,,939.4057649311267,0.9099778687886418,0.01764049745325078,0.0,1006.3108071193435,1.2389014147076598,0.0,0.14248959497760014,0.00025
165,0.025440408603141184,0.016073044144401426,,936.7364919562089,0.9138526829391066,0.017712004675325004,0.0,1014.7719984197726,1.2439234045253704,0.0,0.14368766590449136,0.00025
166,0.02535334582391538,0.015999974388825267,,935.3371871145148,0.9155109806292124,0.01774706962965677,0.0,1013.2290302644087,1.2463860347115887,0.0,0.1434691877703347,0.00025
167,0.025331912856352955,0.016009769696546227,,932.2143361944901,0.9041070436058305,0.017521840228094283,0.0,1005.4286342172976,1.2305680553734775,0.0,0.14236468281465461,0.00025
168,0.025276535141624902,0.015987838226321497,,928.8697027909128,0.9086302211220311,0.017613953064439407,0.0,1005.3058542489935,1.237037188319594,0.0,0.14234729766105073,0.00025
169,0.025249125337914416,0.015937084626210362,,931.2040726511102,0.9046007642964042,0.017532057020983954,0.0,1005.2273379055758,1.2312855861119576,0.0,0.1423361800601132,0.00025
170,0.025447273528889605,0.016100403411607993,,934.6870181435033,0.9112307320315454,0.017665684867943954,0.0,1006.6548722643823,1.2406703400896621,0.0,0.14253831322927316,0.00025
171,0.025256042123625155,0.015959109326726513,,929.6933111893503,0.9077337015932866,0.01760169212339839,0.0,998.3905253923725,1.2361760959812618,0.0,0.1413681146880113,0.00025
172,0.025244819882668947,0.015956111595426734,,928.8708367598684,0.9123010897725145,0.017691773675491018,0.0,1001.6593517315223,1.2425025707659088,0.0,0.1418309674545943,0.00025
173,0.025310524592274113,0.01605615137439025,,925.4373490182977,0.9000463672411128,0.01744761019174829,0.0,995.7431866829456,1.2253548408773123,0.0,0.1409932620899809,0.00025
174,0.025249133964902477,0.01601267826596373,,923.6455913342928,0.9062252456285854,0.017573782281072585,0.0,995.1802200027649,1.2342159730746747,0.0,0.1409135482543773,0.00025
175,0.025204083245051533,0.01601636458776499,,918.7719051963404,0.9007957127128718,0.017463642379815448,0.0,994.8293466982304,1.2264807898778947,0.0,0.14086386599448517,0.00025
176,0.025180428043792124,0.015969689249208097,,921.0738782380756,0.9059080645223069,0.0175683962990227,0.0,993.9466904297846,1.2338377127223872,0.0,0.1407388853887861,0.00025
177,0.025173374598747807,0.016009741854902945,,916.3632684004934,0.9023859508569794,0.017496697887599034,0.0,994.0097415725734,1.2288022955761038,0.0,0.14074781317902277,0.00025
178,0.025103133269830755,0.015934158753799766,,916.8974737870066,0.9007658140666194,0.017470163867308635,0.0,986.5780808998394,1.2269387973747194,0.0,0.13969551968105257,0.00025
179,0.02508306817004555,0.015953310079088335,,912.9758493523849,0.9004718414146481,0.017463435538247182,0.0,987.4444238223,1.2264662632857606,0.0,0.13981819038205248,0.00025
180,0.02513627168771468,0.015973629576987343,,916.2642468904194,0.9010596755187202,0.017480452658405053,0.0,981.588543050106,1.2276613845851292,0.0,0.13898902103043279,0.00025
181,0.025105727934523633,0.015958397943330437,,914.7330354389392,0.8973929952342956,0.01740406275807312,0.0,983.6778611417247,1.222296481705184,0.0,0.13928486013555613,0.00025
182,0.02522652704072626,0.016068635704485995,,915.7891588712994,0.9010331505527143,0.01747666565694514,0.0,985.3468694613888,1.2273954214807086,0.0,0.13952118505406114,0.00025
183,0.024970480976136106,0.01587286390560238,,909.7617091128701,0.8977107804642607,0.017412156553611044,0.0,981.7918185294652,1.2228649132229947,0.0,0.13901780402721456,0.00025
184,0.024965883477738027,0.01587165588218915,,909.4227937397204,0.9025777502487927,0.017513566977186226,0.0,979.0020650864975,1.229987020610632,0.0,0.138622786071168,0.00025
185,0.025028022888459657,0.0159366902356085,,909.1332750822369,0.9012247153532189,0.017490826554552724,0.0,973.4679024128734,1.2283899487680519,0.0,0.1378391707186089,0.00025
186,0.024911166119732354,0.015860877391931257,,905.0289242393092,0.8970441531664611,0.01740419559602188,0.0,975.3119812588152,1.2223058109841956,0.0,0.13810028492508075,0.00025
187,0.024949781596660614,0.015896585328798545,,905.3196314761514,0.9048106156773731,0.017559966427044528,0.0,977.8674989922737,1.2332456783794081,0.0,0.13846213603929164,0.00025
188,0.025061468838861112,0.015993805013989146,,906.7664056075247,0.8987159633036965,0.01743743344711812,0.0,976.201646200503,1.2246401227491615,0.0,0.13822625793094537,0.00025
189,0.024886239810209525,0.015899474487492914,,898.6765682822779,0.8981109645400385,0.017428681333270173,0.0,972.0882329170006,1.224025457190175,0.0,0.13764381502305337,0.00025
190,0.024847072990317094,0.015866503364553575,,898.0569490131579,0.8968650616047593,0.017404826994396865,0.0,970.36523240906,1.2223501544241744,0.0,0.13739984502612423,0.00025
191,0.024915978606594235,0.015939057853661086,,897.6920904862253,0.8947475055146541,0.017366466475094225,0.0,964.9107360324087,1.219656074976647,0.0,0.13662751010333765,0.00025
192,0.024808366733946298,0.015838039891892357,,897.03271484375,0.894153396648643,0.017352834951644722,0.0,966.7006988358528,1.2186987259148665,0.0,0.13688096169412184,0.00025
193,0.024881157239801006,0.015918262449926453,,896.2895250822369,0.8976449856469582,0.01742205596169251,0.0,968.7861963293522,1.2235601538594563,0.0,0.13717625981779616,0.00025
194,0.024821792484114046,0.01587225031107664,,894.9542750308389,0.9054893873632622,0.01757894319803699,0.0,971.8844598727857,1.234578426987629,0.0,0.13761496157307337,0.00025
195,0.024732836375111027,0.015806010385092936,,892.6826139751233,0.9021599016936712,0.01751842784699679,0.0,963.5398693606161,1.230328402054153,0.0,0.13643340085254743,0.00025
196,0.02472146090708281,0.015804471153961986,,891.699019582648,0.897979612070497,0.017431548555407614,0.0,965.6777643131112,1.2242268237089917,0.0,0.1367361182473429,0.00025
197,0.024713639660101188,0.015807567752505605,,890.607222707648,0.8922445470772201,0.017316693271017654,0.0,963.5914986224828,1.2161604766745915,0.0,0.13644071135002034,0.00025
198,0.024749549890035076,0.01583094193943237,,891.86083984375,0.8961198637619466,0.017396532091697177,0.0,962.4222336991049,1.2217675990446144,0.0,0.13627514810238855,0.00025
199,0.024686998638667558,0.015784122049808502,,890.2876394171464,0.8931327667685653,0.01734287552005942,0.0,954.200097124718,1.2179992697961595,0.0,0.13511092637084557,0.00025
200,0.0246346354680626,0.01577904629275987,,885.5589117752878,0.8989587282639079,0.01745508392069695,0.0,961.4894503168609,1.2258797247924158,0.0,0.13614306969738935,0.00025
201,0.024651617890125828,0.015800510484137033,,885.1107370476974,0.8951289811632195,0.017384096890842006,0.0,953.487162921381,1.2208942683478767,0.0,0.13500997773235288,0.00025
202,0.024672242077557666,0.015834401851814044,,883.7840544048108,0.9022914567428648,0.017524375085379046,0.0,959.7539969866266,1.2307460797338732,0.0,0.1358973364305118,0.00025
203,0.024528726935386658,0.015749693750158736,,877.9033203125,0.8952807577139587,0.017388036561431203,0.0,952.5007169127927,1.2211709534855477,0.0,0.13487030091358415,0.00025
204,0.02459988331324176,0.01581717258025157,,878.2711245888158,0.8909016057267943,0.017298250889381722,0.0,953.3207610741158,1.2148652585119584,0.0,0.13498641589474505,0.00025
205,0.024573871081596928,0.01577325758377188,,880.0613885176809,0.8885412277125022,0.017253111125013442,0.0,949.9956805992108,1.2116950691177173,0.0,0.13451559776700042,0.00025
206,0.024611077810588636,0.01579089251984107,,882.0185675370066,0.9026119958725524,0.017540347369933817,0.0,948.8148885443073,1.2318678216792722,0.0,0.13434840232353937,0.00025
207,0.024573520610207004,0.01580552438175992,,876.7996569181744,0.8958994330980753,0.017405445982914748,0.0,946.9168591103505,1.2223936263133615,0.0,0.13407964892907442,0.00025
208,0.02451557352354652,0.01574288200783102,,877.2691811009457,0.8956757785547161,0.017398350440000536,0.0,949.8635535933695,1.2218953026023758,0.0,0.13449688911017715,0.00025
209,0.02452189985074495,0.01576732795097326,,875.4572143554688,0.8884361519316525,0.017257226458279866,0.0,942.7593374505457,1.2119840911376052,0.0,0.13349096045109612,0.00025
210,0.024488404001060286,0.015763921957266957,,872.4482164884869,0.8889496744429314,0.017267891174090267,0.0,942.5058107847294,1.2127330797384073,0.0,0.1334550620868208,0.00025
211,0.024422211572527885,0.015705320395921405,,871.6891447368421,0.8866975540584433,0.01722646776436041,0.0,937.4282456893003,1.2098238918851545,0.0,0.1327360991294506,0.00025
212,0.024435557228954213,0.01573677199255479,,869.8785528885691,0.8948296619741196,0.017389889321358376,0.0,939.7371756878557,1.2213010737897496,0.0,0.13306303440431622,0.00025
213,0.024662836013655914,0.015930023387466605,,873.2812371504934,0.9166110039048241,0.017824491732787606,0.0,949.5230627335828,1.2518234297370199,0.0,0.134448676963034,0.00025
214,0.024507577580056693,0.015816023720330315,,869.1554308439556,0.8874535744955021,0.017244047392243028,0.0,934.8806663245446,1.2110585183979004,0.0,0.13237537205657293,0.00025
215,0.02441388270572612,0.01575546353859337,,865.8419189453125,0.8916541071502294,0.01732712310392312,0.0,937.6212568623442,1.216892969325436,0.0,0.13276342874141406,0.00025
216,0.024436863923543377,0.01577402072909631,,866.2843403063322,0.8905652007655691,0.017304082331564736,0.0,938.6525832063481,1.2152748037636991,0.0,0.13290946043659926,0.00025
217,0.02431315340493855,0.015636216653020757,,867.6936998869244,0.8888590227483683,0.017272055220925106,0.0,935.5526503007258,1.2130255229378273,0.0,0.13247052230629708,0.00025
218,0.024230634989707095,0.015621935801678583,,860.8699501439145,0.8887773766717008,0.017273289686359057,0.0,932.2019417953605,1.213112220094559,0.0,0.1319960753516984,0.00025
219,0.024231003499344775,0.01563446846251425,,859.6535034179688,0.8841637965135012,0.017182258956666873,0.0,928.9442007609207,1.206719084067846,0.0,0.13153479222003053,0.00025
220,0.024261858706411562,0.015680446436530666,,858.1412482010691,0.89272463538542,0.01735750139641032,0.0,927.6654634506995,1.2190264527852155,0.0,0.13135372811923074,0.00025
221,0.02429281655502947,0.015696349112611068,,859.6467895507812,0.8852221803553243,0.01720510647760043,0.0,927.4179913947165,1.2083236774803707,0.0,0.13131868706354913,0.00025
222,0.024300353993710718,0.01571643274081381,,858.3921476665296,0.8868310926182466,0.017241117638261836,0.0,923.6173742885725,1.2108527602348063,0.0,0.1307805348462738,0.00025
223,0.02430203527604279,0.015717566160387116,,858.4469411749589,0.8892610043159117,0.017283507151052747,0.0,931.7622660458568,1.2138297980141888,0.0,0.1319338190199319,0.00025
224,0.02422308059115159,0.015680707893089244,,854.2373046875,0.883800561591173,0.01718210836331571,0.0,920.5675158653786,1.2067085078175845,0.0,0.1303486870628798,0.00025
225,0.024156862967892698,0.015644697766554982,,851.2165398848684,0.885829503105281,0.01722388455274091,0.0,919.9829156900071,1.2096424715743967,0.0,0.13026591001067764,0.00025
226,0.02409194027514834,0.015577584161962333,,851.435636821546,0.8787951979775169,0.017083530800250595,0.0,916.8208062179236,1.1997853537135998,0.0,0.1298181679266571,0.00025
227,0.024030390146531556,0.015584518201649189,,844.5871774773849,0.8870661033188705,0.017246454708238924,0.0,922.9731244592451,1.2112275854664944,0.0,0.13068931164108133,0.00025
228,0.02407506206317952,0.015588236776621718,,848.6825657894736,0.8830876915077953,0.01717157488371627,0.0,915.9762891615251,1.205968736004906,0.0,0.12969858768120354,0.00025
229,0.024009447544813156,0.015551046811436353,,845.8400846782483,0.8841136942677483,0.0171900658937415,0.0,918.7296484797313,1.2072673693648972,0.0,0.13008845237440111,0.00025
230,0.023944065562988583,0.0155126651454913,,843.1400756835938,0.8846726221506672,0.017202517501206223,0.0,917.4770195810538,1.2081418523064533,0.0,0.12991108512049998,0.00025
231,0.023935405341418164,0.015491684506598272,,844.3721120733964,0.8822239256009117,0.01715376316235973,0.0,916.2560212616655,1.2047178094454098,0.0,0.1297381966304161,0.00025
232,0.023849175948845714,0.015446041906742673,,840.3133994654605,0.8826760254427786,0.017168451920899806,0.0,909.8994479567622,1.2057494086836869,0.0,0.12883813121399282,0.00025
233,0.024216214881131525,0.01572178568887083,,849.4429289165296,0.8836191976353538,0.017186188088376856,0.0,911.5764710376747,1.2069950290544866,0.0,0.12907559099071067,0.00025
234,0.02412731367114343,0.015671015079868466,,845.6298539011102,0.8788927483169766,0.017092103358735525,0.0,909.1961006720505,1.200387409004999,0.0,0.12873854004492447,0.00025
235,0.023940275962415495,0.01557923000501959,,836.1046238949424,0.8768582692649627,0.017050281289614198,0.0,909.7034380941508,1.197450223092996,0.0,0.1288103769995518,0.00025
236,0.02399586954791295,0.015581986915908362,,841.3882510536596,0.8821117720729836,0.01716120548539648,0.0,905.0026836537476,1.205240487706801,0.0,0.12814476892740995,0.00025
237,0.023852650860422535,0.015473418329891405,,837.9232755962171,0.8746726979362198,0.01700846570373494,0.0,906.6463859566448,1.1945134925024934,0.0,0.12837751061491506,0.00025
238,0.02392144216910789,0.015526892764395788,,839.454923930921,0.8756974083831613,0.017031037920567656,0.0,904.6460796947424,1.1960987511632115,0.0,0.12809427522971084,0.00025
239,0.023904413769119663,0.015563675349480227,,834.0738589638158,0.8800069667452916,0.01712000589269283,0.0,903.1340579836775,1.2023470186410223,0.0,0.12788017898858656,0.00025
240,0.02396909696491141,0.0156244434612362,,834.465377004523,0.8730873658996463,0.016978504417851332,0.0,904.0004961935518,1.1924092956358217,0.0,0.12800286318190404,0.00025
241,0.023834861618907827,0.015495462196045801,,833.9399638928866,0.886289433241243,0.017248720166187587,0.0,902.0675662031514,1.2113866897698167,0.0,0.12772916800790443,0.00025
242,0.0239864334856209,0.015615572760763922,,837.0861109683389,0.8805676151053614,0.017132768273584672,0.0,901.5622682617867,1.2032433273638257,0.0,0.12765761983561147,0.00025
243,0.023933379273665577,0.015590065600056397,,834.331388774671,0.8767236018252833,0.01705642243233776,0.0,899.4259729170161,1.197881518776596,0.0,0.12735512893888715,0.00025
244,0.02381565519853642,0.01555283480372868,,826.282072368421,0.8741633930525794,0.01700647439589521,0.0,896.9613327752976,1.1943736419055193,0.0,0.1270061457290533,0.00025
245,0.023737675951499688,0.015461193495675138,,827.6482447574014,0.8813823788491747,0.017144041440515113,0.0,907.6961377579313,1.2040350478068218,0.0,0.12852615128133155,0.00025
246,0.024025054844586474,0.01563524087204745,,838.981400339227,0.8847548382548684,0.017221843696577387,0.0,897.0459800604169,1.209499141172581,0.0,0.12701813144687255,0.00025
247,0.023805616031351843,0.01551605863986831,,828.9557816354852,0.8752470335580073,0.01703186805812487,0.0,893.0830061378103,1.1961570521604914,0.0,0.12645699015221087,0.00025
248,0.023812828389437574,0.01554264138011556,,827.0187056692023,0.8814075340727056,0.017152487750211734,0.0,898.5132773642346,1.2046282365794136,0.0,0.1272258948903868,0.00025
249,0.02374933414945477,0.015541346351567068,,820.7987863641036,0.8770711513668266,0.017070128201241402,0.0,891.745793932012,1.1988440821356723,0.0,0.12626764623951978,0.00025
250,0.023638856352159853,0.015415591187775135,,822.3265220240543,0.8742027186181132,0.01701547879918644,0.0,887.4661683202892,1.1950060258848072,0.0,0.12566166832916048,0.00025
251,0.02359556338112605,0.015376047819460692,,821.9515862715872,0.8705812929812913,0.01694036947396821,0.0,889.1388038356897,1.1897310584686553,0.0,0.12589850684410878,0.00025
252,0.023562223895599966,0.015357968887608302,,820.4255274722451,0.8716695716465921,0.0169566546892039,0.0,895.9110098077592,1.1908747777003712,0.0,0.12685742418777457,0.00025
253,0.02372703220891325,0.01550732072638838,,821.9711721319901,0.8749387149094514,0.017029859808528502,0.0,888.1490076226048,1.1960160117350374,0.0,0.12575835564975107,0.00025
254,0.02363115313806032,0.015443422047323302,,818.773148386102,0.8734449316403432,0.016998424032820255,0.0,889.3647310215432,1.1938082606724274,0.0,0.1259304972321469,0.00025
255,0.02358916195991792,0.015419246089693747,,816.991609272204,0.8706723689205387,0.01694724964258839,0.0,883.3203121116662,1.1902142563296885,0.0,0.1250746316325229,0.00025
256,0.023449357206884184,0.015272801251787888,,817.6555850380346,0.8688661580542087,0.01691305777497789,0.0,880.3707969415992,1.1878129434831315,0.0,0.12465699205338907,0.00025
257,0.023494485471593708,0.015376701362823186,,811.7784134714227,0.880153629447755,0.01713810623053564,0.0,885.6388693548882,1.203618214888156,0.0,0.12540293008681933,0.00025
258,0.023502256917326075,0.015367087417919385,,813.5169838353207,0.8770865286670606,0.017082132894232112,0.0,878.2145785544001,1.1996871780386498,0.0,0.12435168013335239,0.00025
259,0.023592675104737282,0.01549404482112119,,809.8630435341283,0.8705018911570128,0.016942773301323624,0.0,884.4876071874185,1.1898998805281937,0.0,0.12523991595759082,0.00025
260,0.023587982219300772,0.015440987374045347,,814.6995271381579,0.8691679181073877,0.016921405677977796,0.0,877.8134207395119,1.188399221101653,0.0,0.12429487778743588,0.00025
261,0.023551314579028832,0.015457046561335263,,809.4268220600329,0.8713172840265198,0.016965616676256096,0.0,877.2459083934086,1.1915041827648816,0.0,0.12421452030367544,0.00025
262,0.02336504261352514,0.015300403104016655,,806.4639635587994,0.8655130165512755,0.01685390213119461,0.0,869.8957108382807,1.1836584115054893,0.0,0.12317376165810988,0.00025
263,0.023333128933843813,0.015298916615153613,,803.4212614360608,0.8669401328330928,0.016877752845511188,0.0,875.8888772186483,1.1853334597169642,0.0,0.12402237010405959,0.00025
264,0.023430471161478443,0.01534293567467677,,808.7535785875822,0.8673307375607074,0.01688966748602514,0.0,871.2951672291682,1.1861702311871334,0.0,0.12337191909904723,0.00025
265,0.02320584027390731,0.01523332758561561,,797.2512978001645,0.8710075657401464,0.016959563429866518,0.0,876.9602974287641,1.1910790600870491,0.0,0.12417407893070653,0.00025
266,0.02339347383301509,0.015341535651762234,,805.1938444438733,0.8716506982090191,0.01697628597729556,0.0,872.7471174465187,1.1922534933887325,0.0,0.12357750945635458,0.00025
267,0.023297417516771116,0.015279105129210572,,801.8312474300986,0.8684438040886238,0.01691306543887663,0.0,870.4192280680703,1.1878134817227712,0.0,0.1232478896089465,0.00025
268,0.023306708880945257,0.015286375866516641,,802.0333380448191,0.8680730095875416,0.016909548899269752,0.0,865.7600430409801,1.1875665132965472,0.0,0.12258816759986245,0.00025
269,0.023329055328902445,0.015315817080830274,,801.3238493266858,0.8731242936645995,0.017002402438429126,0.0,877.2122737324396,1.1940876661909041,0.0,0.12420975776988889,0.00025
270,0.023318569028848095,0.015331927392827837,,798.6642070569491,0.8654422743203425,0.016857354674617558,0.0,864.2346758616351,1.183900885446055,0.0,0.12237218169367986,0.00025
271,0.023165704486401456,0.015192348510026932,,797.3356355365954,0.8674994395840225,0.016900863451785982,0.0,862.3093450060658,1.186956529751382,0.0,0.12209956252685081,0.00025
272,0.023244217234222514,0.015300098953670576,,794.4118491724918,0.8663519476291981,0.016875624111901223,0.0,864.5059352942638,1.1851839576358632,0.0,0.12241059094697981,0.00025
273,0.023208571303831905,0.01524397765139216,,796.4593891344572,0.8791285185901997,0.01712896559990736,0.0,872.0851693999543,1.2029762635913341,0.0,0.12348378025421954,0.000125
274,0.023045041451328678,0.015145031539233108,,790.0010151110197,0.8566563136680696,0.016686651026136607,0.0,854.960974367443,1.1719122784263682,0.0,0.12105906256537273,0.000125
275,0.023004995953095585,0.015149113575094625,,785.5882761101974,0.8624826820359693,0.016800194772802726,0.0,860.7144894317861,1.1798865154765792,0.0,0.12187373734121318,0.000125
276,0.02297542881416647,0.015114063985253634,,786.1365163702714,0.8579575486939371,0.01671212147438025,0.0,856.1162080007254,1.1737010814034903,0.0,0.12122263903831364,0.000125
277,0.02300091293689452,0.01513013733845008,,787.0775821083471,0.8552269493022147,0.016657413201702317,0.0,855.1494704073117,1.1698588906378091,0.0,0.12108575285249452,0.000125
278,0.022996686987186734,0.015127724085591342,,786.8962948447779,0.8583833551499245,0.01672330889889741,0.0,853.1928054774681,1.1744867801117027,0.0,0.12080869690577525,0.000125
279,0.022939785726760562,0.015070775768866665,,786.9010202508224,0.8628042402928312,0.016808919798209115,0.0,858.1867362444391,1.1804992786000672,0.0,0.12151581757594755,0.000125
280,0.022939692398435192,0.015097030389465783,,784.2662096525494,0.8588377163245549,0.016734417626795894,0.0,851.0326907549171,1.1752669519149928,0.0,0.12050283328019963,0.000125
281,0.022942817132723958,0.01510154975480155,,784.1267378957648,0.858358897662556,0.016722624390970726,0.0,853.4092395151807,1.1744387067599735,0.0,0.12083934310191549,0.000125
282,0.02296679800278262,0.015101146149007897,,786.5652240953947,0.8562933249910947,0.016681031997347343,0.0,852.91879031876,1.171517651078996,0.0,0.12076989745265816,0.000125
283,0.022965592283167337,0.015120950184370341,,784.4642141241776,0.8573500118255366,0.016702744555391554,0.0,852.6661413480776,1.1730425354508331,0.0,0.12073412336651167,0.000125
284,0.022952933648699207,0.015091054288572386,,786.1879593698602,0.856384043974748,0.01668479477682826,0.0,850.6996975656128,1.1717819130610914,0.0,0.12045568277328011,0.000125
285,0.022981652107677962,0.015151880338395896,,782.9771792763158,0.8570416470138816,0.016697712260750158,0.0,851.2308296698891,1.1726891147512768,0.0,0.12053088895995973,0.000125
286,0.02283352338954022,0.015011232493347243,,782.229093852796,0.8565293788834278,0.016685515048134363,0.0,853.2874678920734,1.1718324980937678,0.0,0.12082210072596807,0.000125
287,0.0229193028062582,0.015119842449693303,,779.9460481342517,0.8573910241363919,0.016705788316069784,0.0,850.1090276596595,1.1732563003642256,0.0,0.12037204627144658,0.000125
288,0.022934416603100926,0.015101484219102483,,783.2932739257812,0.8610931556058928,0.01678107996238002,0.0,850.1252975122558,1.178544072286566,0.0,0.12037435001765538,6.25e-05
289,0.022828650709829833,0.015062304262660052,,776.6346596165707,0.8546809263431159,0.016652655497879212,0.0,847.801623764516,1.1695247545958507,0.0,0.12004532708673474,6.25e-05
290,0.022803745869743198,0.015013323753680053,,779.0422299033717,0.8547555816059753,0.01665336709869158,0.0,848.7355482293142,1.1695747306951918,0.0,0.12017756706447055,6.25e-05
291,0.022693628935437454,0.014905860647559166,,778.7768426192434,0.8539501476603619,0.01663814741832585,0.0,847.3886732827101,1.1685058445378442,0.0,0.11998685494623695,6.25e-05
292,0.022786579535979973,0.015000987503873674,,778.5592394377056,0.8530768026551843,0.0166206283461314,0.0,847.1042150142285,1.1672754708829296,0.0,0.1199465767904453,6.25e-05
293,0.022715958325486434,0.01495765708386898,,775.8301455849096,0.8537245006393253,0.01663466208242306,0.0,846.1103147678696,1.1682610675641711,0.0,0.11980584448135163,6.25e-05
294,0.022719725868419596,0.014970482081959122,,774.9243678042764,0.8534889619456989,0.016630024060818795,0.0,845.933115662513,1.1679353368673926,0.0,0.11978075379508053,6.25e-05
295,0.02278507422459753,0.015003892053899012,,778.1182315224096,0.8567419428304017,0.016696708346677712,0.0,845.3372927365264,1.1726186093379292,0.0,0.11969638764617149,6.25e-05
296,0.022784040260471795,0.015011822559723728,,777.2217856959293,0.8528170655670374,0.016615633686587996,0.0,846.770100341093,1.1669246933161006,0.0,0.11989926748589015,6.25e-05
297,0.02279218854872804,0.01502126371978145,,777.0924778988486,0.8526050466338045,0.016613119177854324,0.0,844.6890095992239,1.166748098045151,0.0,0.11960459334066319,6.25e-05
298,0.022691760506284863,0.014935670910697234,,775.6089798776727,0.8527023334178094,0.016615131589006224,0.0,844.6502584701433,1.1668894307388389,0.0,0.11959910633540739,6.25e-05
299,0.02277569276721854,0.01502184216913424,,775.3850708007812,0.853340215746941,0.016627527368594287,0.0,845.3209187255155,1.1677599928592528,0.0,0.11969406915154679,6.25e-05
300,0.02269846691112769,0.014942895326959459,,775.5571578176398,0.8545673542164052,0.016653854739524958,0.0,843.7401042588959,1.1696089779674097,0.0,0.11947023213072798,6.25e-05
301,0.022695218654055344,0.014960758878212226,,773.4459838867188,0.8517589667249053,0.016598529633360885,0.0,841.6560159317837,1.1657234666615541,0.0,0.11917513353939134,6.25e-05
302,0.022673232382849642,0.01492633347056414,,774.6899253443668,0.8541185557471535,0.016644809625058467,0.0,843.6429201014794,1.16897373482087,0.0,0.11945647124181517,6.25e-05
303,0.022681474881736857,0.014944254420697689,,773.7220523231908,0.8515394086271556,0.016593864051867153,0.0,841.8869139605624,1.1653958004192424,0.0,0.11920782777895335,6.25e-05
304,0.022747362032532692,0.015008057712724334,,773.930464895148,0.8522242919992573,0.016606738222576845,0.0,843.110383600041,1.1662999601997528,0.0,0.11938106619810114,6.25e-05
305,0.022691238573507258,0.014971438109090454,,771.9800896895559,0.8516187458803628,0.016595698714194067,0.0,841.6313216136125,1.165524649719459,0.0,0.11917163692247182,6.25e-05
306,0.02271769901639537,0.015010182451652853,,770.751664011102,0.852805696471304,0.016619161052831375,0.0,842.4201838304394,1.1671724221027007,0.0,0.11928333666471207,6.25e-05
307,0.022699735372474317,0.014967330290298713,,773.2405267012747,0.8525822155290063,0.016615620230138746,0.0,841.257033016919,1.1669237482625918,0.0,0.11911863915064001,6.25e-05
308,0.022685437806342777,0.014979044465642227,,770.6393496864721,0.849948251513896,0.01656243061710333,0.0,840.8076355848152,1.1631882137623908,0.0,0.1190550062674081,6.25e-05
309,0.02271516817180734,0.014996038798831011,,771.9129735043174,0.8512926988335794,0.01658963526445694,0.0,840.9731212918973,1.1650988104551614,0.0,0.11907843838322152,6.25e-05
310,0.02269611693918705,0.014990968188565029,,770.5148636667352,0.8526167075829837,0.016616650960079565,0.0,840.876136216246,1.16699613696848,0.0,0.1190647056834923,6.25e-05
311,0.022698744151153062,0.014971713682538584,,772.7030671772204,0.8496589755997301,0.01655700775990134,0.0,840.273702586381,1.1628073636487752,0.0,0.11897940348529165,6.25e-05
312,0.02262319330322115,0.014924093884857078,,769.909957082648,0.8522312297745607,0.016608631307410488,0.0,841.0828108058937,1.1664329125433461,0.0,0.11909396998072803,6.25e-05
313,0.022670331754182513,0.014940885777928327,,772.9446282637747,0.8510562774183255,0.01658691321827863,0.0,838.5577542450712,1.1649076397203142,0.0,0.11873643204701839,6.25e-05
314,0.022593882228983075,0.01491045638134605,,768.3426063939145,0.851735433823033,0.016599565398128385,0.0,839.9033178854136,1.1657962089659681,0.0,0.1189269584895176,6.25e-05
315,0.02261553969430296,0.014933492645229163,,768.2047215511924,0.8517530768610835,0.016600128696537573,0.0,839.6667414816062,1.1658357697095298,0.0,0.118893460214709,6.25e-05
316,0.022659204312061008,0.014967620568840127,,769.1584119294819,0.849893082679182,0.01656172904039202,0.0,840.3208430610957,1.1631389416609395,0.0,0.11898607838841466,6.25e-05
317,0.022689841883747203,0.01496240251550549,,772.7439639442846,0.8538600017526585,0.01664211491434116,0.0,840.6748908733395,1.1687844838698271,0.0,0.11903621014593173,6.25e-05
318,0.02264544534447946,0.014972004206164888,,767.3441290604441,0.8506788058985091,0.016579228682488498,0.0,838.5650702117274,1.1643679507298537,0.0,0.11873746795870525,6.25e-05
319,0.022661322139595683,0.01496911132218022,,769.2211046720806,0.8498405452981054,0.01656346629002552,0.0,837.0735069704951,1.1632609496164603,0.0,0.11852626855527734,6.25e-05
320,0.022625272995547244,0.014948125193385701,,767.7148084138569,0.851084038154378,0.0165887080482566,0.0,837.1340898027807,1.1650336915737134,0.0,0.11853484684259563,6.25e-05
321,0.02269452349527886,0.014998066827262702,,769.6457198293585,0.8526640162178054,0.01661928859560162,0.0,838.9372601067763,1.16718137949854,0.0,0.11879016856275827,6.25e-05
322,0.022603396424337438,0.014900375304645613,,770.3021657843339,0.8499042471465631,0.016564712937555015,0.0,837.1303576840975,1.1633485023281696,0.0,0.11853431838948172,3.125e-05
323,0.022544996028668003,0.014880967130394359,,766.4028930664062,0.848565163050939,0.016537393993525017,0.0,837.223405746428,1.1614298785196984,0.0,0.1185474936238339,3.125e-05
324,0.022530479748782358,0.014874423167815334,,765.605712890625,0.8485666480723667,0.016538529854128216,0.0,835.9438160191783,1.1615096506073022,0.0,0.11836630882418413,3.125e-05
325,0.02256502054239574,0.014897437766194344,,766.7583039936267,0.8490135228898629,0.016547888854022457,0.0,835.6324507913079,1.1621669380925304,0.0,0.11832222075030528,3.125e-05
326,0.022560870863105122,0.014927341357657784,,763.352982370477,0.850589342301709,0.016579534787359147,0.0,836.1047341437472,1.1643894486359248,0.0,0.11838909418853893,3.125e-05
327,0.022587414536821216,0.014893028443973316,,769.4386436060855,0.8487157902251613,0.016542114262606232,0.0,835.306503518887,1.1617613855000437,0.0,0.11827606791710234,3.125e-05
328,0.022662160820082614,0.014982602608047034,,767.9558619449014,0.8491903831793955,0.016551582107342835,0.0,835.5216873886453,1.1624263172158016,0.0,0.11830653709444859,3.125e-05
329,0.022542350680420275,0.014900976154757174,,764.1374832956415,0.8495631972009586,0.01655851585103712,0.0,836.2736317154569,1.1629132776824682,0.0,0.11841300941076982,3.125e-05
330,0.02238077072328643,0.0147481184746874,,763.2652330900494,0.8517659041955511,0.016603979846392797,0.0,835.5117171117166,1.1661062379894938,0.0,0.1183051253430182,3.125e-05
331,0.02255141784093882,0.014894390086594381,,765.7027973375822,0.8492422039691131,0.016553254546405948,0.0,834.8060692281748,1.162543773490875,0.0,0.11820520841833515,3.125e-05
332,0.02259830767778974,0.014939408798358943,,765.8899182771381,0.8495909690195341,0.016560382093337624,0.0,834.7675815957336,1.1630443448608407,0.0,0.11819975872315212,3.125e-05
333,0.022564643699871868,0.01490868828994663,,765.5955617804276,0.8507029872537253,0.01658230184996172,0.0,835.577703487898,1.1645837808979256,0.0,0.11831446875059129,3.125e-05
334,0.022627402391088635,0.014965363729156946,,766.2038799085116,0.8483911326494208,0.01653659447823181,0.0,834.0518207104451,1.1613737281401266,0.0,0.11809840983777392,3.125e-05
335,0.022523458360841398,0.01488038613215873,,764.3072445518092,0.8490288108561055,0.01654880474510327,0.0,834.9323723915617,1.1622312616048773,0.0,0.11822309244230474,3.125e-05
336,0.022474284626935657,0.014831929712703354,,764.235505756579,0.8478810523772119,0.01652616247140706,0.0,834.1170639855711,1.1606410828137874,0.0,0.11810764802520266,3.125e-05
337,0.02259379576303457,0.014930521775233118,,766.3274022152549,0.848397818320786,0.01653735011257546,0.0,833.334701943106,1.1614267967375305,0.0,0.11799686868171551,3.125e-05
338,0.02257295629303706,0.014904936873599103,,766.8019537674753,0.8485539157213546,0.016539138635224764,0.0,834.9395301243173,1.16155240562392,0.0,0.11822410594870267,3.125e-05
339,0.02264824558637644,0.014955588665447737,,769.2657213712994,0.8484251161356672,0.016537342639033534,0.0,833.9859732242853,1.16142627186675,0.0,0.1180890860964737,3.125e-05
340,0.022514936367147846,0.014868038853532389,,764.6897679379111,0.8477172852863106,0.01652345103706573,0.0,833.3997822636484,1.160450657353833,0.0,0.11800608379542539,3.125e-05
341,0.022517880718959004,0.014889291683702092,,762.8589156301398,0.8484743558858974,0.016538599473615447,0.0,833.6905798392027,1.161514540020509,0.0,0.11804725957180388,3.125e-05
342,0.022522976425917524,0.014876584718494039,,764.6391922800165,0.847512739941815,0.01652045970895037,0.0,832.0464587789464,1.1602405748069096,0.0,0.11781445858992765,3.125e-05
343,0.022608023234888128,0.014946693260418741,,766.1330084549753,0.8499678141586627,0.01656930443469425,0.0,833.3129885967712,1.163670965587298,0.0,0.11799379415851356,3.125e-05
344,0.02255453002688132,0.014910082773942696,,764.4447278474506,0.8486011293777814,0.016541641714031552,0.0,833.1541426579277,1.1617281981650924,0.0,0.11797130220738919,3.125e-05
345,0.022515230272945604,0.014864291799695869,,765.0938560084293,0.8480165646510293,0.016530195673114204,0.0,832.6394931525095,1.1609243366910675,0.0,0.1178984298909402,3.125e-05
346,0.022591555196987956,0.014934722677265344,,765.6832660875822,0.8472146976288322,0.016514331292357687,0.0,832.1227093158179,1.159810172886175,0.0,0.11782525536169912,3.125e-05
347,0.022527695192318214,0.014886688097919288,,764.100740131579,0.8483650131878752,0.01653760260052313,0.0,832.270223127396,1.161444529098899,0.0,0.11784614272881935,3.125e-05
348,0.022550889339886214,0.014895317046657988,,765.5572349146793,0.8478333039191237,0.01652679873239877,0.0,832.2566556535193,1.1606857677578963,0.0,0.11784422162865439,3.125e-05
349,0.022465778220640987,0.014848303539972556,,761.7475007709704,0.8506414435894776,0.01658357506485876,0.0,832.6553836029535,1.1646731994498316,0.0,0.11790067991531811,3.125e-05
350,0.02257384957843705,0.014926687716261336,,764.7161897358142,0.8473200771700792,0.016517029508751304,0.0,831.4807781307085,1.159999670042709,0.0,0.11773436046727623,3.125e-05
351,0.02257866500631759,0.014945326863150848,,763.3338205437911,0.8479479625964994,0.016530288849812946,0.0,830.9166868721613,1.1609308805396292,0.0,0.11765448739586315,3.125e-05
352,0.022414887323975563,0.014785517987452056,,762.936966745477,0.8483941247688795,0.016539100925687625,0.0,831.2215086871249,1.1615497572632922,0.0,0.11769764894858346,3.125e-05
353,0.022490594928201876,0.014867177037032027,,762.3417711759869,0.848904438912152,0.016550420717075978,0.0,830.1343243564144,1.162344752166491,0.0,0.11754370798536118,3.125e-05
354,0.02251247424436243,0.014905373761920552,,760.7100797954358,0.8464508129435484,0.016500322565026024,0.0,830.3524974015612,1.1588263325973485,0.0,0.11757460041801526,3.125e-05
355,0.022538502749643828,0.01491617406473348,,762.2328619706003,0.8483497261547721,0.016538080339468974,0.0,831.3574541552497,1.1614780809563474,0.0,0.1177168982844299,3.125e-05
356,0.022419674027907222,0.014821987305032579,,759.7686863949424,0.8486574230276163,0.016544544879905934,0.0,831.1194818248117,1.1619320890314604,0.0,0.1176832023519803,3.125e-05
357,0.022559590343582004,0.014924088394955584,,763.5502158717105,0.8480118123055188,0.016531676465823382,0.0,830.8138734154038,1.1610283335419018,0.0,0.1176399294206253,3.125e-05
358,0.022572348678582592,0.014931599413485904,,764.0749543842517,0.8474073394730063,0.016520038505238227,0.0,830.0526757123207,1.1602109934486606,0.0,0.11753214686314618,3.125e-05
359,0.022383808109321092,0.01478002058636201,,760.3787777549342,0.8467650718809091,0.016507108105569324,0.0,829.8975053046402,1.1593028846787694,0.0,0.11751017535256865,3.125e-05
360,0.022533562034368515,0.014908095576653355,,762.5466629831415,0.8507862573514778,0.016587615831212457,0.0,831.3880258452668,1.1649569845962178,0.0,0.11772122711375133,3.125e-05
361,0.02251710478020342,0.014905876823161779,,761.1227930972451,0.8500334934972205,0.01657226228223061,0.0,831.4359937744262,1.1638786967755483,0.0,0.11772801918112202,3.125e-05
362,0.02245318968045084,0.014864276702466764,,758.8913317228619,0.8499439241260537,0.016570318859870113,0.0,831.5765799167723,1.1637422092009675,0.0,0.11774792561792131,3.125e-05
363,0.022558152675628662,0.01494269092616282,,761.5461747018915,0.847870301572212,0.01653012776424591,0.0,829.2748836066427,1.1609195674155286,0.0,0.11742201460447345,3.125e-05
364,0.02251117696103297,0.014883295927000674,,762.7881116365131,0.8469970886239427,0.01651213114049968,0.0,829.5462118229011,1.1596556550639492,0.0,0.11746043359726091,3.125e-05
365,0.022409790538643535,0.014824579567893556,,758.5211085269326,0.8462985655703303,0.016498515233345636,0.0,828.8600712825579,1.1586994027428128,0.0,0.11736327883453797,3.125e-05
366,0.02250356413424015,0.014894510276223483,,760.9053955078125,0.8470480298229,0.01651347689356502,0.0,829.1879657821587,1.1597501680095685,0.0,0.1174097073873399,3.125e-05
367,0.02242938448723994,0.014823209445335363,,760.6175183747944,0.8467373141100232,0.01650736246338385,0.0,828.9496831851258,1.159320748361871,0.0,0.11737596752237847,3.125e-05
368,0.02250404881411477,0.014883622870241342,,762.0426025390625,0.8467345810606396,0.01650825769408392,0.0,827.8492798737449,1.1593836208848114,0.0,0.11722015480423872,3.125e-05
369,0.022453558190088523,0.014850593466115626,,760.2965087890625,0.8478662811067961,0.016530392337629343,0.0,828.8740423930451,1.1609381485434074,0.0,0.11736525708803641,3.125e-05
370,0.022471263416503604,0.014867564124104223,,760.369962993421,0.846393226329242,0.016501085325528925,0.0,828.1140877101468,1.1588799016686646,0.0,0.11725765053725566,3.125e-05
371,0.02244751469085091,0.014888628974164786,,755.8885979903372,0.8464512990167631,0.016501662237042875,0.0,828.8135172161979,1.1589204184677337,0.0,0.11735668696449814,3.125e-05
372,0.022406146224392087,0.014835787937045097,,757.0358661852384,0.8464292000369472,0.016501881659937517,0.0,828.039340280043,1.158935828653037,0.0,0.1172470665994049,3.125e-05
373,0.02249262040775073,0.014886495510214254,,760.6125070672286,0.8471196452472112,0.01651632320385814,0.0,827.5797970198486,1.1599500658785595,0.0,0.1171819971073985,3.125e-05
374,0.022461429630455217,0.01485694719380454,,760.4482550370066,0.8472573837198544,0.01651889252461488,0.0,827.8488052812625,1.160130510626719,0.0,0.1172200876038369,3.125e-05
375,0.022484687598128068,0.014875456788822225,,760.9230860659951,0.847430139582955,0.016523202573275966,0.0,826.9275922690889,1.1604332076111905,0.0,0.11708964751707239,3.125e-05
376,0.0225176243601661,0.014915506747600279,,760.2117759303043,0.8472131628852824,0.016517698411863194,0.0,828.1897607946125,1.1600466474600875,0.0,0.1172683655440706,1.5625e-05
377,0.022410208947564427,0.014830468369549826,,757.9740889699835,0.8463191508726524,0.016500833010902247,0.0,826.6622736280748,1.1588621814797204,0.0,0.11705207945616054,1.5625e-05
378,0.022426092801125425,0.014854137785732746,,757.1955180921053,0.8466210567258843,0.016506913712003593,0.0,826.7321971510665,1.159289232316401,0.0,0.11706198034801227,1.5625e-05
379,0.022469557331580865,0.01485595543329653,,761.360197368421,0.8462683035634887,0.01650026983470658,0.0,826.1170417655948,1.1588226293192787,0.0,0.11697487679997914,1.5625e-05
380,0.02236495559152804,0.014815788029840118,,754.9167801706415,0.8462110073425447,0.016498888501582105,0.0,826.3668606078628,1.158725617567392,0.0,0.11701025015123476,1.5625e-05
381,0.02252162669442202,0.014932995318974318,,758.8631431178043,0.8466764926648291,0.016508582469477,0.0,826.1059445317549,1.159406430031493,0.0,0.11697330547594682,1.5625e-05
382,0.022339294419476862,0.014755732477887681,,758.3562172337582,0.8455150429593059,0.016484651337182833,0.0,826.4599446274791,1.1577257340231535,0.0,0.11702343047699512,1.5625e-05
383,0.02247219826830061,0.014889642988380632,,758.2555574115954,0.845526401025855,0.016485141470801677,0.0,826.1600874785057,1.157760156365006,0.0,0.11698097190116936,1.5625e-05
384,0.022410445405464424,0.014890416525304317,,752.0028686523438,0.8467298608966255,0.016509726421355918,0.0,826.0383812411071,1.1594867703736462,0.0,0.11696373878357738,1.5625e-05
385,0.02243952335495698,0.014853740748214094,,758.5782888312089,0.8463178233495543,0.016500999415349812,0.0,826.4384397921405,1.1588738681515984,0.0,0.11702038547811824,1.5625e-05
386,0.02230779777624105,0.01475399624752371,,755.3801590768915,0.8465912616129957,0.01650661359855818,0.0,826.378111718983,1.1592681551912756,0.0,0.11701184326367597,1.5625e-05
387,0.0223996339267806,0.014835020576260592,,756.4613422594572,0.846068170332387,0.01649618778610718,0.0,826.1298920111576,1.1585359448990629,0.0,0.1169766963434767,1.5625e-05
388,0.0223830076620767,0.014808362938071551,,757.4644743266858,0.8457966016665401,0.01649119491865839,0.0,825.5151743385899,1.1581852931919812,0.0,0.11688965477384426,1.5625e-05
389,0.022402783169558172,0.014834348112344742,,756.8435251336349,0.8456226424836565,0.016487357491900095,0.0,825.8610872609416,1.1579157886923328,0.0,0.1169386346634119,1.5625e-05
390,0.02244383959393752,0.014880858067619173,,756.2981792249178,0.8455797087911456,0.016487021720993648,0.0,825.2389714405709,1.1578922073249638,0.0,0.11685054554557013,1.5625e-05
391,0.022396405080431385,0.01482603174487227,,757.0373631527549,0.8467326098214047,0.016509535750858423,0.0,826.3237599821211,1.1594733794843182,0.0,0.11700414727460681,1.5625e-05
392,0.022408922938139814,0.014846877292975,,756.2045930561267,0.8454122427971433,0.016483620165791968,0.0,825.2333006987291,1.1576533143139967,0.0,0.11684974259115231,1.5625e-05
393,0.022275825766356366,0.014741998263879827,,753.3827868009869,0.8450486862703225,0.016475860596455665,0.0,825.6550291148435,1.1571083556781223,0.0,0.1169094576521231,1.5625e-05
394,0.022351533468616635,0.014827728712637173,,752.3804674650494,0.8456859946169721,0.01648916061091748,0.0,825.2656923152424,1.15804242268933,0.0,0.11685432911480387,1.5625e-05
395,0.02243202611019737,0.01486562540460574,,756.6400981702303,0.8450895162203612,0.016477525517165227,0.0,824.6893750213584,1.1572252839352715,0.0,0.11677272488557056,1.5625e-05
396,0.02238853903193223,0.014845480603214941,,754.3058728669819,0.8463386230946738,0.01650215604521489,0.0,825.5895043462323,1.1589550988753883,0.0,0.11690017960634007,1.5625e-05
397,0.02226365200783077,0.014720636714053782,,754.3015265213816,0.8455129421739045,0.016486192581143172,0.0,824.626784515305,1.1578339763971532,0.0,0.11676386231965762,1.5625e-05
398,0.022387200182205753,0.014825508341585336,,756.1692023026316,0.8453623317245189,0.01648266689959465,0.0,825.1615660474296,1.157586365927559,0.0,0.11683958525075887,1.5625e-05
399,0.022410765094192403,0.01482696213612431,,758.3803164833471,0.8446637057182225,0.01646893898004601,0.0,824.6026355391859,1.1566222469170335,0.0,0.11676044292099672,1.5625e-05
400,0.022350888797327093,0.014788740020441381,,756.214888723273,0.8455226068680595,0.016486020766340106,0.0,825.0531464578712,1.1578219097531626,0.0,0.1168242334694856,1.5625e-05
401,0.022470265038703616,0.01487741496806082,,759.2850470291941,0.8447620265444408,0.01647159668376875,0.0,823.8414199970176,1.1568088988473835,0.0,0.11665265783757431,1.5625e-05
402,0.0224317414195914,0.014865107736305186,,756.6633975380346,0.845930732274125,0.01649424581734688,0.0,825.1419117926888,1.1583995594115883,0.0,0.11683680228671059,1.5625e-05
403,0.022345497910129398,0.014801588497663798,,754.3909655119244,0.8454150888882477,0.016484536727565766,0.0,824.2395500094365,1.1577176849294644,0.0,0.1167090314587425,1.5625e-05
404,0.02238403309724833,0.01483908702472323,,754.4946096319901,0.8454181246239066,0.016484934690710516,0.0,823.8504458946124,1.1577456340904413,0.0,0.11665393586865924,1.5625e-05
405,0.022425371075147076,0.014885665015562585,,753.9706196032072,0.8452921903103168,0.01648197030475083,0.0,824.3165361476663,1.157537443705282,0.0,0.11671993238873117,1.5625e-05
406,0.022445822036580035,0.014875445661968306,,757.0376394171464,0.8443674329139902,0.016463521192483038,0.0,823.8981205103755,1.1562417528468332,0.0,0.1166606864040234,1.5625e-05
407,0.022393731792506418,0.014836506182818036,,755.7225695158306,0.8449793218261554,0.016476073049105876,0.0,823.7762354209772,1.1571232763394927,0.0,0.11664342796170189,1.5625e-05
408,0.02237552061284843,0.014838885025758492,,753.66357421875,0.8449832366495392,0.016476070437069643,0.0,823.8714178267169,1.1571230928948142,0.0,0.1166569054105645,1.5625e-05
409,0.022282211208029798,0.014755419994655409,,752.6791510331003,0.8449064764205808,0.0164747614858283,0.0,823.5792628181231,1.157031164560651,0.0,0.11661553742708396,1.5625e-05
410,0.022293448448181152,0.014771339679627042,,752.2108861019736,0.8445015761761645,0.01646667949315366,0.0,823.4008579119522,1.156463561964137,0.0,0.11659027600422886,1.5625e-05
411,0.022221504857665615,0.01469060959980676,,753.0895385742188,0.8450963180434385,0.016478495665493798,0.0,823.7267302844856,1.1572934179626666,0.0,0.11663641823190658,1.5625e-05
412,0.02238533302749458,0.014819934424993238,,756.5398945055509,0.8455720806162402,0.01648844106104149,0.0,823.4167714682592,1.1579918883230698,0.0,0.11659252930030477,1.5625e-05
413,0.022409120182457724,0.014860910706614194,,754.8209357010691,0.8464148956323064,0.016505178575923304,0.0,823.8870268200818,1.1591673727968337,0.0,0.11665911558174306,1.5625e-05
414,0.022344402380679782,0.014798165495066266,,754.6237278988486,0.8457170190558185,0.016491348504018732,0.0,823.4639612370995,1.1581960795726212,0.0,0.11659921118327926,1.5625e-05
415,0.02228061403883131,0.014714424939532029,,756.6189382452714,0.8446060883570862,0.01646904059614383,0.0,823.1286545611362,1.1566293834690318,0.0,0.11655173309587993,1.5625e-05
416,0.02235005031290807,0.01482838975559724,,752.1660830849096,0.8448906852102931,0.01647507280143903,0.0,822.8472292041408,1.157053028419739,0.0,0.11651188438825304,1.5625e-05
417,0.02239071068010832,0.014846962288414178,,754.3748554430509,0.8445970280496236,0.01646927496130785,0.0,822.6441300890177,1.1566458430577724,0.0,0.11648312636394338,7.8125e-06
418,0.022319121874476735,0.014792540012613722,,752.6582063373767,0.8449917107735219,0.016476810523631476,0.0,823.2143949817172,1.1571750695633232,0.0,0.11656387359731882,7.8125e-06
419,0.02230847558300746,0.014769854514222396,,753.862105520148,0.8448553468846806,0.01647422865376829,0.0,822.9922692806776,1.1569937434848172,0.0,0.11653242148436195,7.8125e-06
420,0.02224206051936275,0.01474055044941212,,750.1510395250822,0.844483937798885,0.016466887010229383,0.0,822.7454674888859,1.156478135997515,0.0,0.11649747533541535,7.8125e-06
421,0.022368654118556725,0.014833798681042697,,753.4855475174753,0.8444850764124724,0.0164670188630631,0.0,822.6196764650088,1.156487396091379,0.0,0.11647966382835684,7.8125e-06
422,0.022363278524656045,0.014814998807483598,,754.8280093544408,0.8446039648661144,0.016469349675247144,0.0,822.7209631630412,1.1566510902570273,0.0,0.1164940056206512,7.8125e-06
423,0.022378299679411084,0.014834530847637277,,754.3768953022204,0.8445320603719499,0.01646787045835169,0.0,822.7401687951244,1.1565472040764195,0.0,0.11649672506152121,7.8125e-06
424,0.02238708675691956,0.014834512613321605,,755.2574334395559,0.8444998994281405,0.016467397464993865,0.0,822.5304655413918,1.156513985504114,0.0,0.11646703191753582,7.8125e-06
425,0.02230006760280383,0.014789459834757605,,751.0607653166119,0.8443761110209926,0.016464544392959985,0.0,822.9182475979611,1.156313612754513,0.0,0.11652194030944539,7.8125e-06
426,0.02235915639290684,0.014811563452607706,,754.7592934056332,0.8442902558401717,0.016463163109831952,0.0,822.495697734441,1.1562166045139026,0.0,0.11646210893479965,7.8125e-06
427,0.02241362415646252,0.014861627481877804,,755.1996941817434,0.8445717932928456,0.01646906539771118,0.0,822.2926059733899,1.156631125296152,0.0,0.11643335195179724,7.8125e-06
428,0.022363222449233656,0.01482673146222767,,753.6491185238486,0.8446478220722355,0.016470351323555,0.0,822.5941894604063,1.156721436544536,0.0,0.11647605497020158,3.90625e-06
429,0.022258984513188664,0.014726906475660047,,753.2078022203947,0.8440468480275364,0.016458216445389605,0.0,822.4904475702729,1.1558691976682653,0.0,0.11646136553250228,3.90625e-06
430,0.02240784407446259,0.014862197843429289,,754.5646490799753,0.844646515349718,0.016470262530988534,0.0,822.666188700534,1.1567152005958898,0.0,0.11648624977531737,3.90625e-06
431,0.02229079555131887,0.014773432459486159,,751.7363345497533,0.8443185715199164,0.016463758307821603,0.0,822.4734497495052,1.1562584055817786,0.0,0.11645895870890507,3.90625e-06
432,0.022360390738437052,0.0148155183384293,,754.4872725637335,0.8444352870713752,0.016466146364448108,0.0,822.4573339562209,1.1564261200547303,0.0,0.11645667677688011,3.90625e-06
433,0.022289290043868516,0.014784800133814937,,750.4490003083881,0.8447857206550523,0.01647332687612698,0.0,822.3968286086698,1.15693041116675,0.0,0.11644810946109106,3.90625e-06
434,0.02226974148499338,0.014740136501036193,,752.9605102539062,0.8442162097879138,0.01646184328084663,0.0,822.2800265542674,1.1561239122300586,0.0,0.11643157075624301,3.90625e-06
435,0.022287251133667797,0.014755566457384512,,753.1684859426398,0.8446314452475806,0.01647020911182925,0.0,822.3732439301481,1.156711448940236,0.0,0.11644476996471831,3.90625e-06
436,0.022358808274331846,0.014809277692907736,,754.9530768143503,0.8444232176676348,0.016466110195912355,0.0,822.2150646755432,1.1564235799194404,0.0,0.11642237241342197,3.90625e-06
437,0.022284482066568575,0.014752659652578203,,753.1822541889392,0.8446537182873854,0.01647053308839032,0.0,822.5226339402215,1.1567342019845253,0.0,0.11646592299405921,3.90625e-06
438,0.022309208876992528,0.01477736215058126,,753.1846891704358,0.8444459812159314,0.0164664425041024,0.0,822.3663594994609,1.1564469180984152,0.0,0.11644379515680278,3.90625e-06
439,0.02233005707201205,0.014804360701849586,,752.5696764494244,0.8444926674778486,0.016467505073998294,0.0,822.2356795468261,1.1565215429410953,0.0,0.11642529139693962,3.90625e-06
440,0.022231975962456903,0.014727493601017877,,750.4482550370066,0.8442684577541115,0.01646320125822673,0.0,821.9383959346885,1.1562192836957332,0.0,0.11638319722366107,1.953125e-06
441,0.022342019273262275,0.014824628731922099,,751.7390907689145,0.8443060423048835,0.01646389089578816,0.0,822.0250515003472,1.1562677173044087,0.0,0.11639546730599142,1.953125e-06
442,0.022328811746678855,0.014780945291644648,,754.7866596422697,0.8444798245817743,0.01646728943157521,0.0,822.1829092388114,1.1565063982602983,0.0,0.11641781933188511,1.953125e-06
443,0.02238503471016884,0.014840779777028058,,754.4254824989721,0.8442336599199121,0.016462395263394894,0.0,822.0520049384413,1.1561626782547554,0.0,0.11639928380527782,1.953125e-06
444,0.02233059057279637,0.014821278421502364,,750.9312230160361,0.8443079499192114,0.016463871551239653,0.0,822.0923466828913,1.1562663587265922,0.0,0.11640499603532316,1.953125e-06
445,0.022290172055363655,0.014787210984841773,,750.2961329409951,0.8443340362258961,0.016464386966391673,0.0,822.1099505835492,1.156302556603817,0.0,0.11640748867741448,1.953125e-06
446,0.022318733169844274,0.014778605417201393,,754.0128141704358,0.8444164095798004,0.016466061706772405,0.0,822.1109116612378,1.1564201745016376,0.0,0.11640762476218035,1.953125e-06
447,0.022343431844523077,0.014810105540642613,,753.3326608758224,0.8443535734779178,0.01646483567814512,0.0,822.0505790494287,1.1563340698662756,0.0,0.11639908190508313,1.953125e-06
448,0.022402857381262277,0.014842875056753033,,755.9982492547286,0.8443518297207953,0.016464774815441778,0.0,822.0799663333986,1.1563297954466072,0.0,0.11640324302723419,1.953125e-06
449,0.022235249022119923,0.014750849945764793,,748.4399317691201,0.8444266083707179,0.01646635042658465,0.0,822.0168631053348,1.1564404514459126,0.0,0.1163943078619304,1.953125e-06
