epoch,loss_data,loss_val,lr
1,0.8312612701864803,0.7401193966565947,0.001
2,0.702236764571246,0.7026494558104726,0.001
3,0.6634502971873564,0.663742174198239,0.001
4,0.626272646819844,0.6303251915132565,0.001
5,0.5951946623185101,0.5996926134167614,0.001
6,0.5697989008005928,0.5752910120916931,0.001
7,0.5461610538118026,0.5546683344965202,0.001
8,0.5283005132394678,0.5356752460644513,0.001
9,0.5071229654199937,0.5183939022849124,0.001
10,0.4909320684040294,0.5029471553584337,0.001
11,0.4788963987546809,0.48875175458392517,0.001
12,0.4644755160107332,0.47696870236548955,0.001
13,0.4516202456810895,0.4673306845933664,0.001
14,0.441641826840008,0.4582035942305887,0.001
15,0.4348338106099297,0.4496017890844469,0.001
16,0.4253153012079351,0.44210180979752023,0.001
17,0.4165874158634859,0.43469941667610235,0.001
18,0.410141713478986,0.42708044886316476,0.001
19,0.40419211983680725,0.4184230550588842,0.001
20,0.39413119063657875,0.4095561992418151,0.001
21,0.3848388019730063,0.3988437058437604,0.001
22,0.3735528763602762,0.38642035550478143,0.001
23,0.36089949397479787,0.37290686369238535,0.001
24,0.3498465646715725,0.35907533640107314,0.001
25,0.333591829327976,0.34478683081900036,0.001
26,0.3214675258187687,0.3284926078839572,0.001
27,0.30640718691489277,0.31579889420344753,0.001
28,0.29429350179784436,0.3019160686359098,0.001
29,0.2839233910336214,0.2999322014989596,0.001
30,0.2761364377596799,0.28249194809522743,0.001
31,0.26667261737234454,0.27607790019630923,0.001
32,0.2599451287704356,0.26755669264163395,0.001
33,0.2556610957664602,0.26078062127890106,0.001
34,0.2531927482170217,0.2576799210046534,0.001
35,0.24286572985789356,0.2500340812917803,0.001
36,0.2379238403895322,0.24639319599071782,0.001
37,0.23325633213800542,0.24477624681055432,0.001
38,0.23070461083860958,0.23753857197824582,0.001
39,0.22575614119277282,0.23302093792037518,0.001
40,0.22280916922232685,0.2309507256693555,0.001
41,0.21887988115058227,0.228734859208817,0.001
42,0.21522270230685964,0.2205041537542966,0.001
43,0.2155326412004583,0.2221515030157662,0.001
44,0.21352302151567795,0.21600303383610195,0.001
45,0.2051585439373465,0.21259628671966474,0.001
46,0.20176014830084407,0.21187987165157618,0.001
47,0.2002034231143839,0.20677641044199638,0.001
48,0.1969690524479922,0.20250741632727295,0.001
49,0.19525840264909408,0.20277046437635135,0.001
50,0.19567284601576188,0.2045606503590685,0.001
51,0.19069593531243942,0.2036486504767403,0.001
52,0.19110665514188654,0.19288356195257939,0.001
53,0.18594640142777386,0.19277969391733032,0.001
54,0.18267698323025422,0.198336491792526,0.001
55,0.1818382582243751,0.18659381893593888,0.001
56,0.1780164452160106,0.18525859760958413,0.001
57,0.17602765647804036,0.18256809108180735,0.001
58,0.17320746534010945,0.18336907903756308,0.001
59,0.17441182802705205,0.1865885770751084,0.001
60,0.16919568882269018,0.17527759907105558,0.001
61,0.17026901771040523,0.17648273413123708,0.001
62,0.1654651007231544,0.17245907748073785,0.001
63,0.16494987554409923,0.17171531715382637,0.001
64,0.16090370188741124,0.17083930549416323,0.001
65,0.16472382755840526,0.17082538390766377,0.001
66,0.15831121539368348,0.16624358422015034,0.001
67,0.15911687647595124,0.17534183002049175,0.001
68,0.15742169408237233,0.16437415972549052,0.001
69,0.15184515451683717,0.16255274590411092,0.001
70,0.1525538651382222,0.16154552810542186,0.001
71,0.15047598279574337,0.15641601047858125,0.001
72,0.14693161845207214,0.1634686511942828,0.001
73,0.14686745054581585,0.1558985135222017,0.001
74,0.1458902481724234,0.15752202012285535,0.001
75,0.14393719417207382,0.1621899550075334,0.001
76,0.15115072622018702,0.15660768639189263,0.001
77,0.1457310099812115,0.1580297895792832,0.001
78,0.14073300011017742,0.1518063351522325,0.001
79,0.13655977345564785,0.14722190092934662,0.001
80,0.13685324700439677,0.15139527014335494,0.001
81,0.14340034740812638,0.14880788234418116,0.001
82,0.1345992228564094,0.14480171829109484,0.001
83,0.13284539825776043,0.1438792842272819,0.001
84,0.13135579885805354,0.14118455450391898,0.001
85,0.12991024246987173,0.14040623463187354,0.001
86,0.12925665737951503,0.13853354021004693,0.001
87,0.12972177784232533,0.1388202015259048,0.001
88,0.12732654766124837,0.13894914009602125,0.001
89,0.1251770687453887,0.13893439881677644,0.001
90,0.12766802661559162,0.1347997880044805,0.001
91,0.12331682794234332,0.1362019908014592,0.001
92,0.12299956731936511,0.13368703310716482,0.001
93,0.12121434159138623,0.1319355926796674,0.001
94,0.12023996780900394,0.13333779302941293,0.001
95,0.11940038949251175,0.13379148251138823,0.001
96,0.11924336631508435,0.12968901679096076,0.001
97,0.11703544635983075,0.1336151140918195,0.001
98,0.11770068284343271,0.1268395887050255,0.001
99,0.11503478271119735,0.12612443216065786,0.001
100,0.11640471658285927,0.12632396931569564,0.001
101,0.11463274456122342,0.1254527773187772,0.001
102,0.11459621304974836,0.1232712542143218,0.001
103,0.11348946655497831,0.12252027049359963,0.001
104,0.1112701217917835,0.12308053502399863,0.001
105,0.11050346362240174,0.12289887699885092,0.001
106,0.11280041670098025,0.12653464112086021,0.001
107,0.11073987536570605,0.11978198582709623,0.001
108,0.10875753532437717,0.1171020573757434,0.001
109,0.10789256630574956,0.11889222509901996,0.001
110,0.10515159193207235,0.11519803767478518,0.001
111,0.10521537942044876,0.11483269619982005,0.001
112,0.10555488265612546,0.12250161181329104,0.001
113,0.10500338717418559,0.12098788642684204,0.001
114,0.10425265922265894,0.11654197504866702,0.001
115,0.10307886451482773,0.11255647216293302,0.001
116,0.10137661064372343,0.1108808108433327,0.001
117,0.10018139814629275,0.11504937326330968,0.001
118,0.10354299799484365,0.110639208542778,0.001
119,0.1014678592191023,0.10804202957114924,0.001
120,0.10018929707653382,0.10997082029644947,0.001
121,0.09869836051674451,0.1054937713191125,0.001
122,0.09698966846746557,0.10605922013518232,0.001
123,0.09565235148457919,0.10614569471114459,0.001
124,0.09578227295595057,0.11107728091157541,0.001
125,0.0970673201715245,0.10477351513489871,0.001
126,0.09389114686671425,0.10319124796226041,0.001
127,0.09375819125596214,0.10137798900318165,0.001
128,0.09175508819958743,0.10007429688217886,0.001
129,0.09130860076231115,0.10061375446005054,0.001
130,0.09140730473925085,0.09980816955902501,0.001
131,0.09125778341994566,0.09903578556357824,0.001
132,0.09055267756476122,0.1026294666020886,0.001
133,0.09014497828834198,0.10113611860023553,0.001
134,0.08998590400990318,0.09871277023184215,0.001
135,0.0879576193059192,0.0965482817188932,0.001
136,0.08874453209778842,0.09920675285069437,0.001
137,0.08773736524231293,0.09516652610302208,0.001
138,0.08592458288459216,0.09462862046205306,0.001
139,0.0879067831179675,0.09367888073363495,0.001
140,0.08481796655584783,0.0931880948901212,0.001
141,0.08492522423758227,0.09361564230611943,0.001
142,0.08584531528108261,0.09652245721845222,0.001
143,0.0844017604694647,0.09247555946578491,0.001
144,0.08370164957116633,0.0938712939411144,0.001
145,0.08251132333979887,0.09405717608178274,0.001
146,0.08271996413960177,0.09070942288027427,0.001
147,0.08235763232497607,0.08867125136262795,0.001
148,0.08098203206763548,0.08939303822155466,0.001
149,0.08020802587270737,0.08895787190361139,0.001
150,0.07913966827532824,0.08835845430626857,0.001
151,0.07840614853536382,0.0860796698620642,0.001
152,0.07735180372700971,0.08611712624241218,0.001
153,0.07843274973771151,0.08774264601527465,0.001
154,0.07767157256603241,0.0848948923478912,0.001
155,0.07637249678373337,0.08560013738763132,0.001
156,0.07607640983427272,0.08481547112155119,0.001
157,0.0756563456619487,0.08414170354418067,0.001
158,0.07575510223122205,0.08522308487246982,0.001
159,0.07470644922817454,0.08272198747126147,0.001
160,0.07374626441913493,0.083901134630785,0.001
161,0.07355685707400827,0.08143637111651778,0.001
162,0.07299124668626224,0.08229865598914424,0.001
163,0.07349000389085096,0.08005716879884059,0.001
164,0.07204898446798325,0.08027949603630921,0.001
165,0.07235589009874008,0.0844828806360527,0.001
166,0.07256377269239987,0.07868206030522062,0.001
167,0.0706874206662178,0.07921515314962271,0.001
168,0.0696214146035559,0.07763534255169509,0.001
169,0.0695665189448525,0.07782852219645267,0.001
170,0.06914926649016492,0.07767724481843932,0.001
171,0.06833388875512515,0.07735634099561375,0.001
172,0.06899807908955742,0.07852846263612594,0.001
173,0.06825707173522781,0.0766488763894721,0.001
174,0.06769840528859812,0.07490108421627695,0.001
175,0.06751335762879428,0.07633689741412099,0.001
176,0.06760445675429176,0.07613875200887338,0.001
177,0.06682230247294202,0.07510219259869567,0.001
178,0.06628677490002968,0.07422004283979595,0.001
179,0.06565869380446042,0.07371260685888244,0.001
180,0.06637371441020685,0.0747225697835879,0.001
181,0.06731933574466144,0.07297907933223934,0.001
182,0.06448270665372119,0.07320762569428628,0.001
183,0.06429056823253632,0.07258147593520604,0.001
184,0.06367963815436643,0.07111684622329892,0.001
185,0.06300508800674887,0.07078006138460503,0.001
186,0.06336706657620038,0.07108916392328962,0.001
187,0.06304277216686922,0.07059400108921468,0.001
188,0.06284673884510994,0.06913521730919958,0.001
189,0.0625297424986082,0.07143703831754346,0.001
190,0.06223229976261363,0.07053900809384729,0.001
191,0.06187237886821523,0.06880243775420071,0.001
192,0.061150412130005216,0.06810474023778439,0.001
193,0.06118877056766959,0.06780731086940009,0.001
194,0.060530231498620087,0.06878902510775879,0.001
195,0.0607296158285702,0.06689864295574695,0.001
196,0.05890166540356243,0.06543299046333297,0.001
197,0.05893063369919272,0.06586630369100221,0.001
198,0.059075142749968695,0.06662999422249898,0.001
199,0.05886520182385164,0.06529345409819662,0.001
200,0.057773863568025476,0.06481375212620309,0.001
201,0.057742024169248694,0.06561100257475247,0.001
202,0.05750932522556361,0.06494552541743785,0.001
203,0.057400397298967135,0.063287019905898,0.001
204,0.05672487068702193,0.06336446499294784,0.001
205,0.056577964521506256,0.06345697303263423,0.001
206,0.05579108394244138,0.06464908910575094,0.001
207,0.05757634451284128,0.06360542345342088,0.001
208,0.05654377556022476,0.06301201378532403,0.001
209,0.05631339966374285,0.06273157308430875,0.001
210,0.054591502994298935,0.06308508808877812,0.001
211,0.05539988857858321,0.06079028750203075,0.001
212,0.05448333940961782,0.06174077010940446,0.001
213,0.054178207674447226,0.061229851717194715,0.001
214,0.054424835259423536,0.062403185388442,0.001
215,0.05460023310254602,0.0603348300718671,0.001
216,0.05322295098620303,0.06032303450880023,0.001
217,0.052984569002600276,0.05887767894745157,0.001
218,0.05241343006491661,0.05909183172253352,0.001
219,0.05231581847457325,0.06065198458240098,0.001
220,0.052364828393739814,0.05890370550757908,0.001
221,0.052175392122829664,0.05774706825339921,0.001
222,0.05156129138434634,0.057989396410417886,0.001
223,0.05181816483245177,0.05892791570963188,0.001
224,0.05189881188904538,0.058694933910815,0.001
225,0.05113111458280507,0.05647561307105834,0.001
226,0.050546749330618805,0.0566880075713372,0.001
227,0.050520388957332164,0.05620970191621605,0.001
228,0.0503997176009066,0.05731914873204467,0.001
229,0.05037428767365568,0.05631451492714164,0.001
230,0.050002929480636824,0.05532307925802871,0.001
231,0.04946855389896561,0.055015992534327714,0.001
232,0.049268158919671005,0.05584494820828821,0.001
233,0.0492695743108497,0.054417804101314825,0.001
234,0.04873484088217511,0.05445362552400493,0.001
235,0.048462585272157896,0.05626859278366739,0.001
236,0.0494808666408062,0.05645888893152044,0.001
237,0.04923792402533924,0.05487454187142374,0.001
238,0.048346513334442585,0.05444150039329362,0.001
239,0.0478443897822324,0.05411639798794415,0.001
240,0.04760636608390247,0.05298611150636198,0.001
241,0.04733523507328594,0.05251546666131293,0.001
242,0.046828015543082184,0.053171225606903356,0.001
243,0.04965185680810143,0.05737642904158224,0.001
244,0.04799690031830002,0.05189839590021246,0.001
245,0.04657201052588575,0.05205425879616116,0.001
246,0.04590061043991762,0.05118151490678132,0.001
247,0.04567383295472931,0.05093894580691884,0.001
248,0.04567010306260165,0.051230908711206155,0.001
249,0.045808560050585694,0.053324467707242036,0.001
250,0.04575345709043391,0.050716114100926156,0.001
251,0.0453108520630528,0.050224395035713756,0.001
252,0.045064972604022306,0.05061644572442065,0.001
253,0.044859995079391146,0.04933986981929042,0.001
254,0.04469387518132434,0.04929121947155782,0.001
255,0.04415931771783268,0.049368663135746005,0.001
256,0.04451805922914954,0.048714048921238276,0.001
257,0.04372487239101354,0.04905635715479025,0.001
258,0.04408338271519717,0.04886521744478032,0.001
259,0.04434370753519675,0.04884653923919535,0.001
260,0.043634777998223025,0.047894488963446544,0.001
261,0.04315162756863762,0.0477283263090342,0.001
262,0.042843142195659524,0.04687925049956791,0.001
263,0.04268746143754791,0.04743498696497769,0.001
264,0.04281600608545191,0.047507636165367656,0.001
265,0.0428707509794656,0.04848890822780382,0.001
266,0.042481027324410045,0.04646031275718963,0.001
267,0.04247274315532516,0.04659959268428919,0.001
268,0.04190250946318402,0.04624550866403996,0.001
269,0.04190546712454628,0.0461572933194355,0.001
270,0.04152063959661652,0.0455795707706429,0.001
271,0.041724890689639485,0.046317422567897386,0.001
272,0.04187531528227469,0.04578381845323332,0.001
273,0.041742104160435056,0.045676423046926415,0.001
274,0.04148166999220848,0.045250514529786914,0.001
275,0.041025690734386444,0.04568815387386204,0.001
276,0.04060573853990611,0.04480142083464542,0.001
277,0.040750687394072026,0.04446293551999587,0.001
278,0.040447896456017214,0.04453693174817522,0.001
279,0.040696489241193325,0.044409625398133805,0.001
280,0.04073388392434401,0.043905639305647094,0.001
281,0.03988813696538701,0.043440365477417225,0.001
282,0.039521189296946806,0.04349403783570868,0.001
283,0.039619516362162197,0.04373924848377758,0.001
284,0.03964834200108752,0.04324975452679433,0.001
285,0.03888822850935599,0.04311010846354305,0.001
286,0.03901491336086217,0.042452399004985895,0.001
287,0.03898859045961324,0.04253591527899971,0.001
288,0.03853340731824145,0.04388879956767364,0.001
289,0.03884925430311876,0.04301347931433487,0.001
290,0.03839896290617831,0.04182944022758259,0.001
291,0.03843933387714274,0.042737125337882334,0.001
292,0.03815867291653857,0.04178341314861724,0.001
293,0.03797873525935061,0.041668392592662015,0.001
294,0.03831511188079329,0.043075344898862125,0.001
295,0.03846480675479945,0.04115386295166318,0.001
296,0.037655802114921456,0.04068430957630408,0.001
297,0.037445707137093824,0.04066425668341773,0.001
298,0.03674274003681015,0.040503403275408086,0.001
299,0.03715806805035647,0.04111390924691348,0.001
300,0.037517254186027194,0.040529002251166665,0.001
301,0.03681569897076663,0.04026441983134221,0.001
302,0.036754687042797315,0.040147357297821824,0.001
303,0.036587666939286626,0.03994106617406676,0.001
304,0.03703699173296199,0.04016610800194828,0.001
305,0.037118356894044316,0.03965134946243321,0.001
306,0.036824948209173536,0.040576617474086196,0.001
307,0.03638699102927657,0.03937918225379028,0.001
308,0.03567716676522704,0.0389648872956401,0.001
309,0.03573574498295784,0.039817328133649674,0.001
310,0.03615989032037118,0.03945671007791183,0.001
311,0.03592689905096503,0.03905163427442831,0.001
312,0.035521669203744215,0.039089117596561626,0.001
313,0.035427181817152924,0.0379317010178731,0.001
314,0.03514891687561484,0.03926532547941311,0.001
315,0.035076838863246584,0.03870872391782422,0.001
316,0.03493806697866496,0.03726807216969147,0.001
317,0.03454273029723588,0.03732122125635328,0.001
318,0.034080633236204874,0.03686062474692955,0.001
319,0.03420095277183196,0.037621918480200016,0.001
320,0.03430309771176647,0.037001712235693124,0.001
321,0.033973818973583335,0.036940753799165525,0.001
322,0.03409300459658399,0.037110179848617156,0.001
323,0.03383631237289485,0.03656536199168024,0.001
324,0.033804615302120936,0.0370128978599681,0.001
325,0.033982593785314,0.03663946844238163,0.001
326,0.03370674239361987,0.03661766589185639,0.001
327,0.03336693740942899,0.03661915208899556,0.001
328,0.03330728762290057,0.0361561866164006,0.001
329,0.03345095859292675,0.035763595742453566,0.001
330,0.033185305512126756,0.03663538617157583,0.001
331,0.03283367075902574,0.03547978636130316,0.001
332,0.03289605151204502,0.036566370570235374,0.001
333,0.032890408354647016,0.035524803441814475,0.001
334,0.03259427385295138,0.03575128670779999,0.001
335,0.032584757708451324,0.03662687757372181,0.001
336,0.03249871610280346,0.03448419820786541,0.001
337,0.03200952577240327,0.03457016084398376,0.001
338,0.03221799389404409,0.03397289185068789,0.001
339,0.03172983623602811,0.03390312063426167,0.001
340,0.03184435308417853,0.035117332985877804,0.001
341,0.03169784771607203,0.03389513632055779,0.001
342,0.03175128306097844,0.03534554232303351,0.001
343,0.031481683911646116,0.03404817327994786,0.001
344,0.031504957991487836,0.033905192794122165,0.001
345,0.031166056828463778,0.034936442040184736,0.001
346,0.03133220696712241,0.03390016425069514,0.001
347,0.03110325982903733,0.033850931730341725,0.001
348,0.03104036903994925,0.03320070028672435,0.001
349,0.031155330622020888,0.03382021979420403,0.001
350,0.030761814073604697,0.033122574181499345,0.001
351,0.03057278594111695,0.0332154985745025,0.001
352,0.030345265589216176,0.03282140338840986,0.001
353,0.030261984423679465,0.03220827599689446,0.001
354,0.029919785063932922,0.0321835780666071,0.001
355,0.029854116084821084,0.032261170111341046,0.001
356,0.02969363857718075,0.031429857589642944,0.001
357,0.02972266121822245,0.03162728262692468,0.001
358,0.02960789663826718,0.032752088520971064,0.001
359,0.030093129724264145,0.03205582473283734,0.001
360,0.029169307912097257,0.03169710785950471,0.001
361,0.029215537888162276,0.03115449609215116,0.001
362,0.029148370027542114,0.03149222046542753,0.001
363,0.029234879485824528,0.03123581938601853,0.001
364,0.029384105630657253,0.031012263669356378,0.001
365,0.02935211776810534,0.031705819253289136,0.001
366,0.029860251309240565,0.031459616631408706,0.001
367,0.028746803126790944,0.03174496846569261,0.001
368,0.028747354469755116,0.03036847913632017,0.001
369,0.02855305965332424,0.03090320140173734,0.001
370,0.02897122480413493,0.03145414890814212,0.001
371,0.028667356818914413,0.03098822518100273,0.001
372,0.02859388423316619,0.030453664678882116,0.001
373,0.028335793820374152,0.03070492376368306,0.001
374,0.028199259082184118,0.029298680530697514,0.001
375,0.02788514446686296,0.03022236975847057,0.001
376,0.027850680381936187,0.02949688023578245,0.001
377,0.02739608835648088,0.029822692819452983,0.001
378,0.027355298180790508,0.029340804140199687,0.001
379,0.02737664124544929,0.029040803568970434,0.001
380,0.02768240814261577,0.029922203150175002,0.001
381,0.02805940543904024,0.029382487516603953,0.001
382,0.02723972192581962,0.029889033654952265,0.001
383,0.02743314699653317,0.028668625226746333,0.001
384,0.027131372405325666,0.02961588294522783,0.001
385,0.027103633017224425,0.02896732389882469,0.001
386,0.02698387490475879,0.028565521248944865,0.001
387,0.026588118361199602,0.028994854819983207,0.001
388,0.02699673460686908,0.02896389438894684,0.001
389,0.027011689346502808,0.028312478860752614,0.001
390,0.02667371402768528,0.02850972228504007,0.001
391,0.026227058185374037,0.027999899939972123,0.001
392,0.026011516394860604,0.02885573350603413,0.001
393,0.026152262792867774,0.02803543244916007,0.001
394,0.025832594974952584,0.027879803132135075,0.001
395,0.025775284342029515,0.02797657620442863,0.001
396,0.026116857633871192,0.028960562855055633,0.001
397,0.02608208599336007,0.02745344117839337,0.001
398,0.025479681899442393,0.027782579816345288,0.001
399,0.025710662826895714,0.027525113489823616,0.001
400,0.025631526485085487,0.027160483083486533,0.001
401,0.02556414277676274,0.0272080555709305,0.001
402,0.02507864168899901,0.02709037900335427,0.001
403,0.02485331125995692,0.027326140342774124,0.001
404,0.025284199153675753,0.027202839214209948,0.001
405,0.025779635042828673,0.027292241295794984,0.001
406,0.025538012385368347,0.027330016351970365,0.001
407,0.024845555753392333,0.026671897969937772,0.001
408,0.025020503165090784,0.026072534987965353,0.001
409,0.024566456456394756,0.0268763279365858,0.001
410,0.02454701460459653,0.026181096092750874,0.001
411,0.02459056642563904,0.026534484886207025,0.001
412,0.02470451177043073,0.026063773145180526,0.001
413,0.02470142996924765,0.02590547225245757,0.001
414,0.02390498426907203,0.02558664710384345,0.001
415,0.024326082757290673,0.025666928767435048,0.001
416,0.023845744593178526,0.026508456984693552,0.001
417,0.024142293040366733,0.02577204998826658,0.001
418,0.02419665894087623,0.02574367827882775,0.001
419,0.024316486409481836,0.026177652294260806,0.001
420,0.023843286339850986,0.025679635391556276,0.001
421,0.023737402523265165,0.025423838777254845,0.001
422,0.023734476307735723,0.026353024729192466,0.001
423,0.02390680944218355,0.026090247248255812,0.001
424,0.023758871699957287,0.024885059563673234,0.001
425,0.023266889264478403,0.025085329199888463,0.001
426,0.02324169983758646,0.02459347685083313,0.001
427,0.02315807463053395,0.02485523057207339,0.001
428,0.022898253162994105,0.024724050280836636,0.001
429,0.022845562876147384,0.024690667357847935,0.001
430,0.022864714484004414,0.024478265963245167,0.001
431,0.02305535676286501,0.025142435113695627,0.001
432,0.022975181174628875,0.025424220995965113,0.001
433,0.022685823742957675,0.024360508970284463,0.001
434,0.02271714970907744,0.024055605084489125,0.001
435,0.022638634285506082,0.024822674119865957,0.001
436,0.022799482569098473,0.024700233670017665,0.001
437,0.02232456360669697,0.02477188676355705,0.001
438,0.022550698588876164,0.023868264732837013,0.001
439,0.022226398153340116,0.024062425187386247,0.001
440,0.02216149866580963,0.02381970548009953,0.001
441,0.022379960316945526,0.024662599407520858,0.001
442,0.022845385267454034,0.024126437743854447,0.001
443,0.02241830779787372,0.024809029130708603,0.001
444,0.022427546627381268,0.02406992882383499,0.001
445,0.022074333775569412,0.023906755215848625,0.001
446,0.021919882253688926,0.024595316311707256,0.001
447,0.021883399718824553,0.02458000755805431,0.001
448,0.02215689333046184,0.023234475540310717,0.001
449,0.021477151442976558,0.023835022326879916,0.001
450,0.02179715716663529,0.02345690045489837,0.001
451,0.021715256768990967,0.022679475568014935,0.001
452,0.021440610070438945,0.02367834034258725,0.001
453,0.021551211967187768,0.024832165690690935,0.001
454,0.02175018815871547,0.02318516727349893,0.001
455,0.02110215911970419,0.022859221631154614,0.001
456,0.020937970346387696,0.02261328399744289,0.001
457,0.021235452197930393,0.023716597696643117,0.001
458,0.02122224889257375,0.022623888013501306,0.001
459,0.021133919520413175,0.02308184835989073,0.001
460,0.02147425535847159,0.02373016138047866,0.001
461,0.02107034996151924,0.02345643436067893,0.001
462,0.02109482270829818,0.023382059302436912,0.001
463,0.021031344419016558,0.023363662766055115,0.001
464,0.020665596622754547,0.023078971501402406,0.001
465,0.020677031620460397,0.022439241948522624,0.001
466,0.020272955079289043,0.023006587849511626,0.001
467,0.02053167747662348,0.02260212054788527,0.001
468,0.02058731150977752,0.022889627582042778,0.001
469,0.020289338139050147,0.02192795643356475,0.001
470,0.02023843117058277,0.022343880113890872,0.001
471,0.020296501105322558,0.02212459059753052,0.001
472,0.02015593253514346,0.022217836443200384,0.001
473,0.02020522765815258,0.024079267404442432,0.001
474,0.020583223551511765,0.021989373524841514,0.001
475,0.020081663832944983,0.02245659990181908,0.001
476,0.020250253160210216,0.022669723840529076,0.001
477,0.020438195699278044,0.022122669528022842,0.001
478,0.02025713859235539,0.021533616405276325,0.001
479,0.020230299847967485,0.021400583445957706,0.001
480,0.019805441336596712,0.022350356825313056,0.001
481,0.019915509202024517,0.022058597554674274,0.001
482,0.01982560589471284,0.021934798436013637,0.001
483,0.020004423992598757,0.022086892043315272,0.001
484,0.019708014257690486,0.021532588411807326,0.001
485,0.0193197006250129,0.02209440108604573,0.001
486,0.01959148410926847,0.022400796672292087,0.001
487,0.019885475144666785,0.02293233130727519,0.001
488,0.01972293305922957,0.021386219040248206,0.001
489,0.019179186071543133,0.021020402554291145,0.001
490,0.019207594806657118,0.020696326283654132,0.001
491,0.019009595408159143,0.02175515489631458,0.001
492,0.01960930261103546,0.022194916464833524,0.001
493,0.019246522118063533,0.020748646275277095,0.001
494,0.01902195329175276,0.02123750770285478,0.001
495,0.0190575520562775,0.02130008563591894,0.001
496,0.019096820450880948,0.021917106808328122,0.001
497,0.019479828174499905,0.021373836043083308,0.001
498,0.018937285332118765,0.020941894811425606,0.001
499,0.019466152743381614,0.021436961605302004,0.001
500,0.01927080235498793,0.020604137465682203,0.001
501,0.01870108866954551,0.02065608572044113,0.001
502,0.018738617791849023,0.021582221861020247,0.001
503,0.019189146402127603,0.020605032811929602,0.001
504,0.019049763350802308,0.020959808215541883,0.001
505,0.018796095843700802,0.02101365588986858,0.001
506,0.018685373861123535,0.02125272125884178,0.001
507,0.018670417368412018,0.020204620249365726,0.001
508,0.018470068736111418,0.02068401542987083,0.001
509,0.018398544422405606,0.02114801066914187,0.001
510,0.01831606578300981,0.020559965455738873,0.001
511,0.018214651219108525,0.020231773736288112,0.001
512,0.018694583655280227,0.020349610732811465,0.001
513,0.018299813765813324,0.019989826839159088,0.001
514,0.018398680669419906,0.02100152569729548,0.001
515,0.0186085653874804,0.02071932167850286,0.001
516,0.018570805735447827,0.021916343803027833,0.001
517,0.018424883703975117,0.02033205735454124,0.001
518,0.018077687743832085,0.019985339972347492,0.001
519,0.017709605505361277,0.019936146080725022,0.001
520,0.018040582208948976,0.019775926391665866,0.001
521,0.01801841875866932,0.02037231615867763,0.001
522,0.01782564424416598,0.019905445750797942,0.001
523,0.018058296621722335,0.0201040135759674,0.001
524,0.017992393825860584,0.01971236106076064,0.001
525,0.017828116302981097,0.02030300286853393,0.001
526,0.017963931786225122,0.019882168073086036,0.001
527,0.01813594569616458,0.020715726438203522,0.001
528,0.01781803007949801,0.01978768668872531,0.001
529,0.01773731892599779,0.01996275570007688,0.001
530,0.017606976058553245,0.020163534873714504,0.001
531,0.017999218995956814,0.01958043975599102,0.001
532,0.018294761505197075,0.019329830763048818,0.001
533,0.01789290425093735,0.01948563595125471,0.001
534,0.017642016577370027,0.01962111267212229,0.001
535,0.017328404054483947,0.019811131843771347,0.001
536,0.01775024173890843,0.019883826701651036,0.001
537,0.01759599204010823,0.01921589215486895,0.001
538,0.017552899306311327,0.019209097867170708,0.001
539,0.017488458851242766,0.019959423078855686,0.001
540,0.017417526529992327,0.019843489888254438,0.001
541,0.017459051245275664,0.01894155155690684,0.001
542,0.0172166307182873,0.01980415132525949,0.001
543,0.01719512461739428,0.01914623175610758,0.001
544,0.01708601908210446,0.019173991061374508,0.001
545,0.017907186027835396,0.020697354841157044,0.001
546,0.01729260806870811,0.01884239327852455,0.001
547,0.017063762116081575,0.01893488996383423,0.001
548,0.017067106878932786,0.019253957331127242,0.001
549,0.016897591981379426,0.01900946950751598,0.001
550,0.017164435292429784,0.018800000792241662,0.001
551,0.017447136342525482,0.019063203419572683,0.001
552,0.017070741557023105,0.01876300218596481,0.001
553,0.016891984488157666,0.02019063240351017,0.001
554,0.01721741138573955,0.01896021792777894,0.001
555,0.016759704031488475,0.018981337463234157,0.001
556,0.016741260886192322,0.01897239150504064,0.001
557,0.016721173463498846,0.01914068865006043,0.001
558,0.016598038923214462,0.019009980785184833,0.001
559,0.016760262003278032,0.019184867641358502,0.001
560,0.01696630150956266,0.01971153071766251,0.001
561,0.016557521460687414,0.018852691339331294,0.001
562,0.01678745388327276,0.01937821740437329,0.001
563,0.016730178804958567,0.020208768568431564,0.0005
564,0.016486705938244566,0.018201971889351007,0.0005
565,0.01606466873165439,0.018016426570255033,0.0005
566,0.015976556576788425,0.018171538383387847,0.0005
567,0.01605691612862489,0.018293847642207147,0.0005
568,0.01604102913509397,0.018402502745484748,0.0005
569,0.015876328572630882,0.01793975453297546,0.0005
570,0.016040833831271705,0.018305795294444597,0.0005
571,0.015948094591936645,0.018253266893216873,0.0005
572,0.015919360715676758,0.018100889190588526,0.0005
573,0.015827930039342714,0.017947495995452905,0.0005
574,0.015791691730127615,0.018167386519759583,0.0005
575,0.015773821183863806,0.01807570073152527,0.0005
576,0.015769956195179152,0.017834793222239104,0.0005
577,0.01572466132176273,0.01825912648858044,0.0005
578,0.01584769500529065,0.01815340987643969,0.0005
579,0.01583587153650382,0.01793702011730754,0.0005
580,0.015799477039014593,0.018536780430617846,0.0005
581,0.015903169563149706,0.01815568893045729,0.0005
582,0.015865706236046904,0.01778744511030009,0.0005
583,0.015649242874454048,0.017874580481062708,0.0005
584,0.015794818563496366,0.017945282883406608,0.0005
585,0.01565174199640751,0.018119932587577662,0.0005
586,0.015690282699378097,0.01798815311789394,0.0005
587,0.01568064515424125,0.017989956117660556,0.0005
588,0.015837520744432423,0.018060581599185263,0.0005
589,0.015778837177683327,0.01785867903072349,0.0005
590,0.015624540857970715,0.017736916537046173,0.0005
591,0.015565610435955664,0.017809373237068937,0.0005
592,0.015581265639732866,0.01760329691283401,0.0005
593,0.015546372653368641,0.0178228893591059,0.0005
594,0.015646095935474422,0.017739904422443706,0.0005
595,0.01557542071403826,0.017734596741114758,0.0005
596,0.015574053094229278,0.01749233857911213,0.0005
597,0.01549353006788913,0.01781624924561496,0.0005
598,0.015470005024005385,0.01757626113567832,0.0005
599,0.015351515920723187,0.0177432282354032,0.0005
600,0.015550614115508163,0.01788743465986258,0.0005
601,0.015580968273913158,0.01756131174347429,0.0005
602,0.015484574250876904,0.017448582942854493,0.0005
603,0.015459549996782751,0.01750184641470491,0.0005
604,0.015624489690012792,0.01840260864201852,0.0005
605,0.015561229549348354,0.017592322423895638,0.0005
606,0.015539703671546543,0.0179836270946112,0.0005
607,0.015482813722508796,0.017715690460288272,0.0005
608,0.015417027889805682,0.01780241820822358,0.0005
609,0.015581910060170819,0.01798272358005653,0.0005
610,0.015390855698462795,0.017520782264166722,0.0005
611,0.015351679669145276,0.01765727145738625,0.0005
612,0.015364999444607426,0.017653243231991435,0.0005
613,0.015363543294370174,0.017595613784351077,0.00025
614,0.015228234395823059,0.017452491013471527,0.00025
615,0.015156989807591718,0.017392338623623924,0.00025
616,0.015099656768143177,0.01729286004175236,0.00025
617,0.015044291229809032,0.017378496875513714,0.00025
618,0.015123046825037283,0.017396459393910615,0.00025
619,0.015102182843667619,0.01754833277578216,0.00025
620,0.015103574842214584,0.017360647933474117,0.00025
621,0.015054132186752908,0.01724546256888362,0.00025
622,0.015059726531891263,0.01734403191142296,0.00025
623,0.01503026781274992,0.017361768788849458,0.00025
624,0.015052592436618665,0.01724626198159154,0.00025
625,0.01502788664006135,0.017229659594865783,0.00025
626,0.015000465326011181,0.017211086901767862,0.00025
627,0.015073886579450439,0.017318714570055214,0.00025
628,0.015026158762767035,0.01726356736900129,0.00025
629,0.014967134879792439,0.017187140642032316,0.00025
630,0.015025589286404498,0.017217995840932043,0.00025
631,0.014938308912165025,0.017141313268476694,0.00025
632,0.014983324279241702,0.0172912850687122,0.00025
633,0.015088489498285687,0.017201413435005787,0.00025
634,0.015026220449191682,0.017225599877639254,0.00025
635,0.014970434446106939,0.01727651063516145,0.00025
636,0.014976318432565998,0.017284005297804723,0.00025
637,0.014935229795382303,0.01716037000710844,0.00025
638,0.014909805510850513,0.017227676124245785,0.00025
639,0.01497519772280665,0.017192220940663024,0.00025
640,0.014914450509583248,0.0171435717735871,0.00025
641,0.014908485333709157,0.01736335534106513,0.00025
642,0.014910693061264121,0.017215212876869133,0.000125
643,0.01484486011459547,0.017099224081708653,0.000125
644,0.014787828823661102,0.01720740782484547,0.000125
645,0.014715386718949851,0.017021023403645415,0.000125
646,0.014767975984689067,0.017083660676558386,0.000125
647,0.014765826053917408,0.017125248843816037,0.000125
648,0.014737295644248234,0.017110346397158166,0.000125
649,0.014790217282579225,0.017083137753792794,0.000125
650,0.014803049483281724,0.01710269296063511,0.000125
651,0.014793039628249757,0.017108291939370544,0.000125
652,0.01478573088260258,0.01710125757691483,0.000125
653,0.014720411642509349,0.01705289376989038,0.000125
654,0.014758971191066153,0.0170027535619461,0.000125
655,0.014779354007366826,0.01701465096813166,0.000125
656,0.014723754268797004,0.017035196475200975,0.000125
657,0.014686231008347343,0.017002744322974328,0.000125
658,0.014715907547403784,0.01695186725268308,0.000125
659,0.01472821886486867,0.016990275379336606,0.000125
660,0.014723698772928295,0.016929810869861447,0.000125
661,0.014754826148204944,0.017052725063014165,0.000125
662,0.014721238492604564,0.016923100034739534,0.000125
663,0.014649936107589918,0.0169557262142043,0.000125
664,0.014722269795396748,0.01701032697009346,0.000125
665,0.014686554999035947,0.016941041106885726,0.000125
666,0.014632906107341541,0.01698415463441989,0.000125
667,0.014733204672880033,0.016915052342955855,0.000125
668,0.014697122990208514,0.016976425840299663,0.000125
669,0.014629486509982277,0.01696005872015522,0.000125
670,0.014688819975537412,0.016988859870127104,0.000125
671,0.014650697600753868,0.016939174559792106,0.000125
672,0.014759479967110297,0.01694887780036008,0.000125
673,0.01471539170426481,0.016946032345191257,0.000125
674,0.014699780710918061,0.01691658708108314,0.000125
675,0.014705836553783977,0.017047597494786296,0.000125
676,0.014684561585240504,0.01702074438647563,0.000125
677,0.014643857255578041,0.01692479247719313,0.000125
678,0.014650505529168774,0.01696963078413762,6.25e-05
679,0.014593845616806956,0.016861552551265785,6.25e-05
680,0.014647697920308393,0.016927664299373396,6.25e-05
681,0.014563523725989987,0.01687650864262244,6.25e-05
682,0.014571633409051335,0.016858653648050847,6.25e-05
683,0.014594867551589714,0.016882627654699577,6.25e-05
684,0.01456312123028671,0.016911861133147025,6.25e-05
685,0.01458242628723383,0.016892462205176966,6.25e-05
686,0.014553263783454895,0.016833352365169293,6.25e-05
687,0.01456366917666267,0.016890205014417417,6.25e-05
688,0.014403859372524655,0.016865271467944004,6.25e-05
689,0.014561254312010372,0.016804295977075195,6.25e-05
690,0.014536774991189732,0.016872982907003693,6.25e-05
691,0.014487398404847173,0.016848251979436252,6.25e-05
692,0.014573640518766992,0.016893806818693815,6.25e-05
693,0.014536578975179616,0.01684334471959553,6.25e-05
694,0.014583957052844413,0.01684952247008283,6.25e-05
695,0.014565197148305528,0.016836178052486418,6.25e-05
696,0.014549849280977951,0.01688655254893351,6.25e-05
697,0.014529135735595928,0.016809920083651047,6.25e-05
698,0.014577800846275161,0.016850258777654482,6.25e-05
699,0.014560612192487015,0.016813203803539418,6.25e-05
700,0.014572968323002844,0.016831369183417617,3.125e-05
701,0.014494567068622392,0.016859853924067383,3.125e-05
702,0.014473080689854482,0.01680018887507452,3.125e-05
703,0.014502667548025356,0.016833645906860425,3.125e-05
704,0.014504943042993546,0.016804526523992572,3.125e-05
705,0.014474872718839085,0.016807205900986895,3.125e-05
706,0.014512012000469601,0.016837279433322506,3.125e-05
707,0.01444454480181722,0.016799705349874017,3.125e-05
708,0.01451889518648386,0.016809760275030127,3.125e-05
709,0.014420250759405248,0.016811779153128956,3.125e-05
710,0.014400616014266716,0.016814921633444578,3.125e-05
711,0.014453494921326637,0.0168025893682229,3.125e-05
712,0.014517689342884457,0.01682148011978477,3.125e-05
713,0.014502992415252854,0.016810872816553007,1.5625e-05
714,0.014436194727964261,0.01678237431132778,1.5625e-05
715,0.0144503943841247,0.016800972949244982,1.5625e-05
716,0.01444254711489467,0.01679227508190482,1.5625e-05
717,0.01441913317231571,0.016797242808180807,1.5625e-05
718,0.014484346734688562,0.016793349368744194,1.5625e-05
719,0.014455712071674712,0.01682267074945113,1.5625e-05
720,0.014466986553195645,0.016782992559528004,1.5625e-05
721,0.014444835155325778,0.01678451357900249,1.5625e-05
722,0.014406622990089305,0.016784352050133688,1.5625e-05
723,0.014451145523172967,0.0167959371692962,1.5625e-05
724,0.014484057312502581,0.016785759547691435,1.5625e-05
725,0.014454557450816911,0.01676306878115183,1.5625e-05
726,0.014443213065319201,0.016774559010033913,1.5625e-05
727,0.014472389374585712,0.01678808488026565,1.5625e-05
728,0.01445105463704642,0.016798817503092624,1.5625e-05
729,0.014449312187292996,0.0167868356558826,1.5625e-05
730,0.01445165473748656,0.016793302797986163,1.5625e-05
731,0.014471505165976636,0.016791882985379376,1.5625e-05
732,0.014415284673518994,0.01677613284130352,1.5625e-05
733,0.014437168124405778,0.016792358967783628,1.5625e-05
734,0.014453558032126987,0.016773568281689247,1.5625e-05
735,0.014442396624123348,0.016764593387407958,1.5625e-05
736,0.014407152803066899,0.016789108984752305,7.8125e-06
737,0.014475804589250508,0.016782806054659826,7.8125e-06
738,0.01446668365422417,0.016773264950324815,7.8125e-06
739,0.014442659366656752,0.016778768434378415,7.8125e-06
740,0.01442165398860679,0.01678562819148902,7.8125e-06
741,0.014428788686499876,0.016788908522359442,7.8125e-06
742,0.014384829658357537,0.016768461050902152,7.8125e-06
743,0.014414048534544074,0.016771916537078525,7.8125e-06
744,0.014434886658016373,0.016776553338028966,7.8125e-06
745,0.014437171630561352,0.016772587356720617,7.8125e-06
